target_ip,target_geo_country,Time Run,Processed?
13.227.254.94,SG,2023-02-28 20:46:35.184477,Not Processed due to DUPLICATE in past 7 days
13.227.254.99,SG,2023-02-28 20:46:35.187976,Not Processed due to DUPLICATE in past 7 days
23.200.24.43,SG,2023-02-28 20:46:35.190460,Not Processed due to DUPLICATE in past 7 days
17.248.164.108,SG,2023-02-28 20:46:35.192836,Not Processed due to DUPLICATE in past 7 days
13.33.100.61,SG,2023-02-28 20:46:35.195183,Not Processed due to DUPLICATE in past 7 days
52.76.228.161,SG,2023-02-28 20:46:35.197522,Not Processed due to DUPLICATE in past 7 days
173.194.22.169,SG,2023-02-28 20:46:35.200532,Not Processed due to DUPLICATE in past 7 days
18.142.201.37,SG,2023-02-28 20:46:35.202956,Not Processed due to DUPLICATE in past 7 days
192.166.246.143,SG,2023-02-28 20:46:35.205337,Not Processed due to DUPLICATE in past 7 days
203.116.175.163,SG,2023-02-28 20:46:35.207730,Not Processed due to DUPLICATE in past 7 days
13.228.90.32,SG,2023-02-28 20:46:35.210012,Not Processed due to DUPLICATE in past 7 days
52.76.40.178,SG,2023-02-28 20:46:35.212442,Not Processed due to DUPLICATE in past 7 days
121.7.89.176,SG,2023-02-28 20:46:35.215169,Not Processed due to DUPLICATE in past 7 days
31.13.68.1,SG,2023-02-28 20:46:35.217741,Not Processed due to DUPLICATE in past 7 days
13.33.88.116,SG,2023-02-28 20:46:35.220413,Not Processed due to DUPLICATE in past 7 days
3.1.152.102,SG,2023-02-28 20:46:35.223127,Not Processed due to DUPLICATE in past 7 days
23.49.60.129,SG,2023-02-28 20:46:35.225895,Not Processed due to DUPLICATE in past 7 days
96.16.116.196,SG,2023-02-28 20:46:35.228481,Not Processed due to DUPLICATE in past 7 days
101.32.104.177,SG,2023-02-28 20:46:35.233347,Not Processed due to DUPLICATE in past 7 days
17.248.154.11,SG,2023-02-28 20:46:35.236338,Not Processed due to DUPLICATE in past 7 days
54.192.150.89,SG,2023-02-28 20:46:35.240327,Not Processed due to DUPLICATE in past 7 days
23.52.113.101,SG,2023-02-28 20:46:35.243320,Not Processed due to DUPLICATE in past 7 days
74.125.68.155,SG,2023-02-28 20:46:35.247308,Not Processed due to DUPLICATE in past 7 days
52.76.243.108,SG,2023-02-28 20:46:35.250301,Not Processed due to DUPLICATE in past 7 days
157.240.13.55,SG,2023-02-28 20:46:35.253294,Not Processed due to DUPLICATE in past 7 days
23.210.250.80,SG,2023-02-28 20:46:35.256380,Not Processed due to DUPLICATE in past 7 days
43.132.80.22,SG,2023-02-28 20:46:35.259357,Not Processed due to DUPLICATE in past 7 days
13.33.28.118,SG,2023-02-28 20:46:35.262270,Not Processed due to DUPLICATE in past 7 days
121.6.48.26,SG,2023-02-28 20:46:35.265262,Not Processed due to DUPLICATE in past 7 days
23.195.152.208,SG,2023-02-28 20:46:35.268252,Not Processed due to DUPLICATE in past 7 days
184.27.122.40,SG,2023-02-28 20:46:35.271609,Not Processed due to DUPLICATE in past 7 days
52.98.71.50,SG,2023-02-28 20:46:35.274236,Not Processed due to DUPLICATE in past 7 days
23.15.110.65,SG,2023-02-28 20:46:35.277292,Not Processed due to DUPLICATE in past 7 days
23.49.60.202,SG,2023-02-28 20:46:35.281256,Not Processed due to DUPLICATE in past 7 days
51.79.164.247,SG,2023-02-28 20:46:35.284211,Not Processed due to DUPLICATE in past 7 days
188.42.147.32,SG,2023-02-28 20:46:35.287733,Not Processed due to DUPLICATE in past 7 days
3.1.123.42,SG,2023-02-28 20:46:35.291190,Not Processed due to DUPLICATE in past 7 days
23.59.80.33,SG,2023-02-28 20:46:35.294182,Not Processed due to DUPLICATE in past 7 days
51.79.222.34,SG,2023-02-28 20:46:35.297639,Not Processed due to DUPLICATE in past 7 days
23.215.7.84,SG,2023-02-28 20:46:35.300826,Not Processed due to DUPLICATE in past 7 days
23.210.250.107,SG,2023-02-28 20:46:35.304157,Not Processed due to DUPLICATE in past 7 days
175.41.187.144,SG,2023-02-28 20:46:35.307250,Not Processed due to DUPLICATE in past 7 days
54.179.75.107,SG,2023-02-28 20:46:35.311139,Not Processed due to DUPLICATE in past 7 days
54.169.104.250,SG,2023-02-28 20:46:35.314132,Not Processed due to DUPLICATE in past 7 days
116.87.186.130,SG,2023-02-28 20:46:35.316143,Not Processed due to DUPLICATE in past 7 days
157.240.7.53,SG,2023-02-28 20:46:35.320114,Not Processed due to DUPLICATE in past 7 days
13.33.100.94,SG,2023-02-28 20:46:35.323107,Not Processed due to DUPLICATE in past 7 days
23.75.23.57,SG,2023-02-28 20:46:35.327326,Not Processed due to DUPLICATE in past 7 days
52.114.15.181,SG,2023-02-28 20:46:35.330112,Not Processed due to DUPLICATE in past 7 days
74.125.171.73,SG,2023-02-28 20:46:35.333078,Not Processed due to DUPLICATE in past 7 days
203.116.175.171,SG,2023-02-28 20:46:35.336071,Not Processed due to DUPLICATE in past 7 days
54.192.150.44,SG,2023-02-28 20:46:35.340060,Not Processed due to DUPLICATE in past 7 days
18.136.86.75,SG,2023-02-28 20:46:35.345047,Not Processed due to DUPLICATE in past 7 days
52.84.251.9,SG,2023-02-28 20:46:35.348040,Not Processed due to DUPLICATE in past 7 days
203.116.175.32,SG,2023-02-28 20:46:35.351661,Not Processed due to DUPLICATE in past 7 days
104.69.163.61,SG,2023-02-28 20:46:35.355022,Not Processed due to DUPLICATE in past 7 days
180.87.173.16,SG,2023-02-28 20:46:35.360008,Not Processed due to DUPLICATE in past 7 days
17.248.154.17,SG,2023-02-28 20:46:35.363996,Not Processed due to DUPLICATE in past 7 days
54.192.150.12,SG,2023-02-28 20:46:35.367986,Not Processed due to DUPLICATE in past 7 days
13.33.88.87,SG,2023-02-28 20:46:35.371974,Not Processed due to DUPLICATE in past 7 days
51.79.165.204,SG,2023-02-28 20:46:35.375476,Not Processed due to DUPLICATE in past 7 days
104.69.163.60,SG,2023-02-28 20:46:35.378046,Not Processed due to DUPLICATE in past 7 days
104.69.32.93,SG,2023-02-28 20:46:35.381172,Not Processed due to DUPLICATE in past 7 days
17.248.164.45,SG,2023-02-28 20:46:35.385940,Not Processed due to DUPLICATE in past 7 days
52.77.133.180,SG,2023-02-28 20:46:35.391257,Not Processed due to DUPLICATE in past 7 days
23.220.203.115,SG,2023-02-28 20:46:35.394915,Not Processed due to DUPLICATE in past 7 days
89.187.163.193,SG,2023-02-28 20:46:35.397905,Not Processed due to DUPLICATE in past 7 days
52.220.33.166,SG,2023-02-28 20:46:35.400516,Not Processed due to DUPLICATE in past 7 days
54.251.192.147,SG,2023-02-28 20:46:35.402924,Not Processed due to DUPLICATE in past 7 days
23.54.56.156,SG,2023-02-28 20:46:35.404919,Not Processed due to DUPLICATE in past 7 days
3.1.149.134,SG,2023-02-28 20:46:35.407897,Not Processed due to DUPLICATE in past 7 days
104.83.197.140,SG,2023-02-28 20:46:35.410871,Not Processed due to DUPLICATE in past 7 days
23.73.13.201,SG,2023-02-28 20:46:35.413863,Not Processed due to DUPLICATE in past 7 days
167.71.195.165,SG,2023-02-28 20:46:35.415857,Not Processed due to DUPLICATE in past 7 days
23.59.80.224,SG,2023-02-28 20:46:35.418912,Not Processed due to DUPLICATE in past 7 days
52.74.88.135,SG,2023-02-28 20:46:35.420844,Not Processed due to DUPLICATE in past 7 days
129.227.82.185,SG,2023-02-28 20:46:35.422838,Not Processed due to DUPLICATE in past 7 days
89.187.162.21,SG,2023-02-28 20:46:35.425831,Not Processed due to DUPLICATE in past 7 days
51.79.130.26,SG,2023-02-28 20:46:35.427825,Not Processed due to DUPLICATE in past 7 days
17.248.154.3,SG,2023-02-28 20:46:35.430817,Not Processed due to DUPLICATE in past 7 days
43.132.80.244,SG,2023-02-28 20:46:35.433809,Not Processed due to DUPLICATE in past 7 days
17.248.164.12,SG,2023-02-28 20:46:35.435804,Not Processed due to DUPLICATE in past 7 days
54.192.150.36,SG,2023-02-28 20:46:35.439969,Not Processed due to DUPLICATE in past 7 days
165.21.111.145,SG,2023-02-28 20:46:35.443343,Not Processed due to DUPLICATE in past 7 days
20.190.163.29,SG,2023-02-28 20:46:35.445777,Not Processed due to DUPLICATE in past 7 days
23.5.165.18,SG,2023-02-28 20:46:35.447772,Not Processed due to DUPLICATE in past 7 days
3.1.15.205,SG,2023-02-28 20:46:35.450764,Not Processed due to DUPLICATE in past 7 days
17.248.164.82,SG,2023-02-28 20:46:35.452759,Not Processed due to DUPLICATE in past 7 days
101.33.26.124,SG,2023-02-28 20:46:35.455171,Not Processed due to DUPLICATE in past 7 days
103.151.126.72,SG,2023-02-28 20:46:35.457746,Not Processed due to DUPLICATE in past 7 days
103.231.98.195,SG,2023-02-28 20:46:35.460770,Not Processed due to DUPLICATE in past 7 days
13.33.88.101,SG,2023-02-28 20:46:35.462765,Not Processed due to DUPLICATE in past 7 days
18.142.135.199,SG,2023-02-28 20:46:35.465724,Not Processed due to DUPLICATE in past 7 days
150.109.90.54,SG,2023-02-28 20:46:35.469713,Not Processed due to DUPLICATE in past 7 days
116.87.131.164,SG,2023-02-28 20:46:35.471756,Not Processed due to DUPLICATE in past 7 days
52.98.90.178,SG,2023-02-28 20:46:35.475177,Not Processed due to DUPLICATE in past 7 days
17.248.164.47,SG,2023-02-28 20:46:35.476727,Not Processed due to DUPLICATE in past 7 days
116.14.207.20,SG,2023-02-28 20:46:35.479687,Not Processed due to DUPLICATE in past 7 days
184.27.122.48,SG,2023-02-28 20:46:35.481681,Not Processed due to DUPLICATE in past 7 days
52.84.251.24,SG,2023-02-28 20:46:35.484689,Not Processed due to DUPLICATE in past 7 days
17.253.61.220,SG,2023-02-28 20:46:35.486940,Not Processed due to DUPLICATE in past 7 days
101.33.26.140,SG,2023-02-28 20:46:35.488689,Not Processed due to DUPLICATE in past 7 days
13.227.254.35,SG,2023-02-28 20:46:35.491662,Not Processed due to DUPLICATE in past 7 days
31.13.68.34,SG,2023-02-28 20:46:35.493677,Not Processed due to DUPLICATE in past 7 days
103.1.138.196,SG,2023-02-28 20:46:35.496642,Not Processed due to DUPLICATE in past 7 days
13.35.18.228,SG,2023-02-28 20:46:35.499635,Not Processed due to DUPLICATE in past 7 days
117.121.250.156,SG,2023-02-28 20:46:35.503623,Not Processed due to DUPLICATE in past 7 days
40.99.10.66,SG,2023-02-28 20:46:35.506314,Not Processed due to DUPLICATE in past 7 days
54.192.151.123,SG,2023-02-28 20:46:35.508771,Not Processed due to DUPLICATE in past 7 days
20.212.128.44,SG,2023-02-28 20:46:35.511873,Not Processed due to DUPLICATE in past 7 days
52.220.200.42,SG,2023-02-28 20:46:35.513935,Not Processed due to DUPLICATE in past 7 days
54.192.150.58,SG,2023-02-28 20:46:35.516006,Not Processed due to DUPLICATE in past 7 days
3.0.25.35,SG,2023-02-28 20:46:35.518041,Not Processed due to DUPLICATE in past 7 days
13.33.33.53,SG,2023-02-28 20:46:35.519992,Not Processed due to DUPLICATE in past 7 days
13.33.100.30,SG,2023-02-28 20:46:35.522109,Not Processed due to DUPLICATE in past 7 days
23.39.12.48,SG,2023-02-28 20:46:35.524303,Not Processed due to DUPLICATE in past 7 days
203.117.35.17,SG,2023-02-28 20:46:35.526563,Not Processed due to DUPLICATE in past 7 days
40.119.249.228,SG,2023-02-28 20:46:35.530567,Not Processed due to DUPLICATE in past 7 days
72.247.81.153,SG,2023-02-28 20:46:35.533543,Not Processed due to DUPLICATE in past 7 days
23.5.165.11,SG,2023-02-28 20:46:35.536222,Not Processed due to DUPLICATE in past 7 days
23.205.209.121,SG,2023-02-28 20:46:35.538326,Not Processed due to DUPLICATE in past 7 days
20.212.96.199,SG,2023-02-28 20:46:35.539527,Not Processed due to DUPLICATE in past 7 days
165.21.111.147,SG,2023-02-28 20:46:35.543348,Not Processed due to DUPLICATE in past 7 days
74.125.200.139,SG,2023-02-28 20:46:35.546733,Not Processed due to DUPLICATE in past 7 days
54.169.248.42,SG,2023-02-28 20:46:35.549586,Not Processed due to DUPLICATE in past 7 days
192.166.246.41,SG,2023-02-28 20:46:35.551663,Not Processed due to DUPLICATE in past 7 days
203.116.175.128,SG,2023-02-28 20:46:35.553522,Not Processed due to DUPLICATE in past 7 days
23.50.92.154,SG,2023-02-28 20:46:35.555517,Not Processed due to DUPLICATE in past 7 days
74.125.68.154,SG,2023-02-28 20:46:35.559054,Not Processed due to DUPLICATE in past 7 days
18.140.39.47,SG,2023-02-28 20:46:35.561754,Not Processed due to DUPLICATE in past 7 days
23.36.252.78,SG,2023-02-28 20:46:35.564460,Not Processed due to DUPLICATE in past 7 days
150.109.90.59,SG,2023-02-28 20:46:35.567487,Not Processed due to DUPLICATE in past 7 days
172.224.26.138,SG,2023-02-28 20:46:35.570625,Not Processed due to DUPLICATE in past 7 days
13.33.33.41,SG,2023-02-28 20:46:35.574261,Not Processed due to DUPLICATE in past 7 days
84.17.39.169,SG,2023-02-28 20:46:35.577351,Not Processed due to DUPLICATE in past 7 days
51.79.204.59,SG,2023-02-28 20:46:35.579680,Not Processed due to DUPLICATE in past 7 days
138.199.60.185,SG,2023-02-28 20:46:35.581767,Not Processed due to DUPLICATE in past 7 days
203.116.175.170,SG,2023-02-28 20:46:35.583845,Not Processed due to DUPLICATE in past 7 days
54.192.150.67,SG,2023-02-28 20:46:35.585939,Not Processed due to DUPLICATE in past 7 days
157.240.13.1,SG,2023-02-28 20:46:35.588396,Not Processed due to DUPLICATE in past 7 days
58.182.177.133,SG,2023-02-28 20:46:35.591797,Not Processed due to DUPLICATE in past 7 days
52.221.62.54,SG,2023-02-28 20:46:35.594675,Not Processed due to DUPLICATE in past 7 days
23.205.208.247,SG,2023-02-28 20:46:35.597555,Not Processed due to DUPLICATE in past 7 days
104.70.101.66,SG,2023-02-28 20:46:35.599399,Not Processed due to DUPLICATE in past 7 days
54.192.150.77,SG,2023-02-28 20:46:35.601590,Not Processed due to DUPLICATE in past 7 days
161.117.96.24,SG,2023-02-28 20:46:35.604150,Not Processed due to DUPLICATE in past 7 days
18.138.223.207,SG,2023-02-28 20:46:35.606785,Not Processed due to DUPLICATE in past 7 days
13.251.71.45,SG,2023-02-28 20:46:35.609340,Not Processed due to DUPLICATE in past 7 days
204.246.164.112,SG,2023-02-28 20:46:35.612607,Not Processed due to DUPLICATE in past 7 days
185.200.117.142,SG,2023-02-28 20:46:35.614618,Not Processed due to DUPLICATE in past 7 days
52.98.33.130,SG,2023-02-28 20:46:35.616610,Not Processed due to DUPLICATE in past 7 days
23.5.165.146,SG,2023-02-28 20:46:35.619314,Not Processed due to DUPLICATE in past 7 days
52.84.251.50,SG,2023-02-28 20:46:35.622735,Not Processed due to DUPLICATE in past 7 days
52.74.243.124,SG,2023-02-28 20:46:35.625332,Not Processed due to DUPLICATE in past 7 days
121.7.140.29,SG,2023-02-28 20:46:35.628019,Not Processed due to DUPLICATE in past 7 days
43.132.81.247,SG,2023-02-28 20:46:35.630075,Not Processed due to DUPLICATE in past 7 days
104.69.42.77,SG,2023-02-28 20:46:35.632053,Not Processed due to DUPLICATE in past 7 days
17.248.164.17,SG,2023-02-28 20:46:35.634125,Not Processed due to DUPLICATE in past 7 days
17.248.164.10,SG,2023-02-28 20:46:35.636143,Not Processed due to DUPLICATE in past 7 days
54.192.150.37,SG,2023-02-28 20:46:35.638244,Not Processed due to DUPLICATE in past 7 days
54.151.230.219,SG,2023-02-28 20:46:35.640297,Not Processed due to DUPLICATE in past 7 days
157.240.13.174,SG,2023-02-28 20:46:35.642926,Not Processed due to DUPLICATE in past 7 days
13.33.33.38,SG,2023-02-28 20:46:35.645124,Not Processed due to DUPLICATE in past 7 days
161.117.32.237,SG,2023-02-28 20:46:35.647173,Not Processed due to DUPLICATE in past 7 days
13.33.92.224,SG,2023-02-28 20:46:35.649317,Not Processed due to DUPLICATE in past 7 days
45.40.48.215,SG,2023-02-28 20:46:35.652729,Not Processed due to DUPLICATE in past 7 days
13.227.248.101,SG,2023-02-28 20:46:35.655218,Not Processed due to DUPLICATE in past 7 days
157.240.13.14,SG,2023-02-28 20:46:35.657252,Not Processed due to DUPLICATE in past 7 days
23.47.190.131,SG,2023-02-28 20:46:35.660763,Not Processed due to DUPLICATE in past 7 days
161.117.125.44,SG,2023-02-28 20:46:35.662883,Not Processed due to DUPLICATE in past 7 days
184.87.200.27,SG,2023-02-28 20:46:35.665190,Not Processed due to DUPLICATE in past 7 days
172.217.194.97,SG,2023-02-28 20:46:35.668182,Not Processed due to DUPLICATE in past 7 days
23.5.165.66,SG,2023-02-28 20:46:35.670815,Not Processed due to DUPLICATE in past 7 days
20.44.239.154,SG,2023-02-28 20:46:35.672990,Not Processed due to DUPLICATE in past 7 days
13.67.74.235,SG,2023-02-28 20:46:35.675164,Not Processed due to DUPLICATE in past 7 days
18.140.168.176,SG,2023-02-28 20:46:35.677396,Not Processed due to DUPLICATE in past 7 days
3.1.22.50,SG,2023-02-28 20:46:35.683481,Not Processed due to DUPLICATE in past 7 days
13.33.33.70,SG,2023-02-28 20:46:35.686135,Not Processed due to DUPLICATE in past 7 days
203.205.159.17,SG,2023-02-28 20:46:35.689539,Not Processed due to DUPLICATE in past 7 days
104.89.118.22,SG,2023-02-28 20:46:35.692059,Not Processed due to DUPLICATE in past 7 days
52.76.156.186,SG,2023-02-28 20:46:35.694113,Not Processed due to DUPLICATE in past 7 days
52.77.93.191,SG,2023-02-28 20:46:35.697342,Not Processed due to DUPLICATE in past 7 days
17.253.61.216,SG,2023-02-28 20:46:35.699431,Not Processed due to DUPLICATE in past 7 days
157.240.13.48,SG,2023-02-28 20:46:35.701430,Not Processed due to DUPLICATE in past 7 days
139.99.45.37,SG,2023-02-28 20:46:35.703399,Not Processed due to DUPLICATE in past 7 days
23.52.171.137,SG,2023-02-28 20:46:35.705437,Not Processed due to DUPLICATE in past 7 days
17.248.164.44,SG,2023-02-28 20:46:35.707079,Not Processed due to DUPLICATE in past 7 days
150.109.90.118,SG,2023-02-28 20:46:35.710073,Not Processed due to DUPLICATE in past 7 days
203.116.175.122,SG,2023-02-28 20:46:35.712066,Not Processed due to DUPLICATE in past 7 days
17.253.61.215,SG,2023-02-28 20:46:35.715766,Not Processed due to DUPLICATE in past 7 days
172.217.194.132,SG,2023-02-28 20:46:35.718430,Not Processed due to DUPLICATE in past 7 days
52.111.240.11,SG,2023-02-28 20:46:35.720076,Not Processed due to DUPLICATE in past 7 days
51.79.158.73,SG,2023-02-28 20:46:35.722835,Not Processed due to DUPLICATE in past 7 days
184.50.97.221,SG,2023-02-28 20:46:35.725063,Not Processed due to DUPLICATE in past 7 days
116.0.81.227,SG,2023-02-28 20:46:35.727831,Not Processed due to DUPLICATE in past 7 days
13.251.233.244,SG,2023-02-28 20:46:35.729959,Not Processed due to DUPLICATE in past 7 days
52.84.251.86,SG,2023-02-28 20:46:35.732194,Not Processed due to DUPLICATE in past 7 days
101.32.143.30,SG,2023-02-28 20:46:35.735038,Not Processed due to DUPLICATE in past 7 days
184.87.193.72,SG,2023-02-28 20:46:35.737977,Not Processed due to DUPLICATE in past 7 days
13.33.33.108,SG,2023-02-28 20:46:35.740097,Not Processed due to DUPLICATE in past 7 days
74.125.68.153,SG,2023-02-28 20:46:35.741985,Not Processed due to DUPLICATE in past 7 days
156.246.18.131,SG,2023-02-28 20:46:35.745464,Not Processed due to DUPLICATE in past 7 days
18.141.43.183,SG,2023-02-28 20:46:35.747970,Not Processed due to DUPLICATE in past 7 days
104.69.107.45,SG,2023-02-28 20:46:35.751474,Not Processed due to DUPLICATE in past 7 days
184.31.4.207,SG,2023-02-28 20:46:35.753987,Not Processed due to DUPLICATE in past 7 days
17.248.154.5,SG,2023-02-28 20:46:35.756899,Not Processed due to DUPLICATE in past 7 days
17.248.154.22,SG,2023-02-28 20:46:35.759938,Not Processed due to DUPLICATE in past 7 days
116.87.189.216,SG,2023-02-28 20:46:35.762142,Not Processed due to DUPLICATE in past 7 days
17.248.154.39,SG,2023-02-28 20:46:35.763959,Not Processed due to DUPLICATE in past 7 days
17.248.164.102,SG,2023-02-28 20:46:35.766082,Not Processed due to DUPLICATE in past 7 days
17.253.61.203,SG,2023-02-28 20:46:35.768366,Not Processed due to DUPLICATE in past 7 days
103.231.98.196,SG,2023-02-28 20:46:35.770083,Not Processed due to DUPLICATE in past 7 days
124.155.222.26,SG,2023-02-28 20:46:35.772617,Not Processed due to DUPLICATE in past 7 days
13.33.33.51,SG,2023-02-28 20:46:35.774778,Not Processed due to DUPLICATE in past 7 days
54.192.150.13,SG,2023-02-28 20:46:35.776932,Not Processed due to DUPLICATE in past 7 days
13.33.100.132,SG,2023-02-28 20:46:35.778849,Not Processed due to DUPLICATE in past 7 days
91.108.56.173,SG,2023-02-28 20:46:35.781043,Not Processed due to DUPLICATE in past 7 days
52.76.163.242,SG,2023-02-28 20:46:35.783186,Not Processed due to DUPLICATE in past 7 days
180.87.173.16,SG,2023-02-28 20:46:35.785259,Not Processed due to DUPLICATE in past 7 days
103.155.16.178,SG,2023-02-28 20:46:35.787225,Not Processed due to DUPLICATE in past 7 days
103.207.108.98,SG,2023-02-28 20:46:35.789271,Not Processed due to DUPLICATE in past 7 days
157.240.7.16,SG,2023-02-28 20:46:35.791317,Not Processed due to DUPLICATE in past 7 days
169.150.243.3,SG,2023-02-28 20:46:35.793393,Not Processed due to DUPLICATE in past 7 days
52.139.250.209,SG,2023-02-28 20:46:35.795481,Not Processed due to DUPLICATE in past 7 days
13.227.254.102,SG,2023-02-28 20:46:35.797487,Not Processed due to DUPLICATE in past 7 days
157.240.15.63,SG,2023-02-28 20:46:35.799491,Not Processed due to DUPLICATE in past 7 days
46.51.219.70,SG,2023-02-28 20:46:35.800946,Not Processed due to DUPLICATE in past 7 days
106.10.186.200,SG,2023-02-28 20:46:35.803866,Not Processed due to DUPLICATE in past 7 days
159.138.91.5,SG,2023-02-28 20:46:35.805845,Not Processed due to DUPLICATE in past 7 days
119.74.176.84,SG,2023-02-28 20:46:35.807844,Not Processed due to DUPLICATE in past 7 days
13.33.33.6,SG,2023-02-28 20:46:35.809849,Not Processed due to DUPLICATE in past 7 days
144.126.242.176,SG,2023-02-28 20:46:35.810833,Not Processed due to DUPLICATE in past 7 days
104.69.96.220,SG,2023-02-28 20:46:35.813698,Not Processed due to DUPLICATE in past 7 days
23.195.121.150,SG,2023-02-28 20:46:35.814822,Not Processed due to DUPLICATE in past 7 days
157.240.7.6,SG,2023-02-28 20:46:35.817618,Not Processed due to DUPLICATE in past 7 days
13.215.82.183,SG,2023-02-28 20:46:35.819014,Not Processed due to DUPLICATE in past 7 days
143.244.33.161,SG,2023-02-28 20:46:35.821640,Not Processed due to DUPLICATE in past 7 days
18.136.42.214,SG,2023-02-28 20:46:35.823639,Not Processed due to DUPLICATE in past 7 days
46.137.229.114,SG,2023-02-28 20:46:35.825662,Not Processed due to DUPLICATE in past 7 days
125.56.199.43,SG,2023-02-28 20:46:35.827580,Not Processed due to DUPLICATE in past 7 days
23.210.250.82,SG,2023-02-28 20:46:35.829588,Not Processed due to DUPLICATE in past 7 days
184.31.4.201,SG,2023-02-28 20:46:35.831745,Not Processed due to DUPLICATE in past 7 days
52.221.15.231,SG,2023-02-28 20:46:35.833771,Not Processed due to DUPLICATE in past 7 days
125.56.199.9,SG,2023-02-28 20:46:35.835773,Not Processed due to DUPLICATE in past 7 days
13.33.33.60,SG,2023-02-28 20:46:35.838039,Not Processed due to DUPLICATE in past 7 days
23.47.190.123,SG,2023-02-28 20:46:35.840053,Not Processed due to DUPLICATE in past 7 days
203.116.175.115,SG,2023-02-28 20:46:35.842023,Not Processed due to DUPLICATE in past 7 days
17.248.164.198,SG,2023-02-28 20:46:35.844040,Not Processed due to DUPLICATE in past 7 days
194.233.94.209,SG,2023-02-28 20:46:35.846040,Not Processed due to DUPLICATE in past 7 days
52.98.65.2,SG,2023-02-28 20:46:35.848122,Not Processed due to DUPLICATE in past 7 days
52.84.251.97,SG,2023-02-28 20:46:35.849706,Not Processed due to DUPLICATE in past 7 days
52.84.251.74,SG,2023-02-28 20:46:35.852689,Not Processed due to DUPLICATE in past 7 days
43.132.80.22,SG,2023-02-28 20:46:35.855839,Not Processed due to DUPLICATE in past 7 days
23.15.98.69,SG,2023-02-28 20:46:35.858699,Not Processed due to DUPLICATE in past 7 days
54.255.26.7,SG,2023-02-28 20:46:35.860693,Not Processed due to DUPLICATE in past 7 days
13.33.100.129,SG,2023-02-28 20:46:35.863659,Not Processed due to DUPLICATE in past 7 days
13.33.79.144,SG,2023-02-28 20:46:35.865655,Not Processed due to DUPLICATE in past 7 days
89.187.163.131,SG,2023-02-28 20:46:35.868649,Not Processed due to DUPLICATE in past 7 days
52.84.251.60,SG,2023-02-28 20:46:35.871639,Not Processed due to DUPLICATE in past 7 days
157.240.7.20,SG,2023-02-28 20:46:35.874631,Not Processed due to DUPLICATE in past 7 days
13.33.33.118,SG,2023-02-28 20:46:35.876657,Not Processed due to DUPLICATE in past 7 days
52.77.158.91,SG,2023-02-28 20:46:35.879678,Not Processed due to DUPLICATE in past 7 days
125.252.229.70,SG,2023-02-28 20:46:35.882610,Not Processed due to DUPLICATE in past 7 days
23.36.252.240,SG,2023-02-28 20:46:35.885602,Not Processed due to DUPLICATE in past 7 days
52.84.251.64,SG,2023-02-28 20:46:35.887631,Not Processed due to DUPLICATE in past 7 days
156.59.151.17,SG,2023-02-28 20:46:35.889603,Not Processed due to DUPLICATE in past 7 days
13.33.33.91,SG,2023-02-28 20:46:35.892583,Not Processed due to DUPLICATE in past 7 days
72.247.81.88,SG,2023-02-28 20:46:35.894578,Not Processed due to DUPLICATE in past 7 days
8.218.46.10,SG,2023-02-28 20:46:35.897569,Not Processed due to DUPLICATE in past 7 days
159.138.85.193,SG,2023-02-28 20:46:35.899613,Not Processed due to DUPLICATE in past 7 days
51.79.223.21,SG,2023-02-28 20:46:35.902556,Not Processed due to DUPLICATE in past 7 days
17.248.164.11,SG,2023-02-28 20:46:35.904551,Not Processed due to DUPLICATE in past 7 days
151.192.83.68,SG,2023-02-28 20:46:35.906546,Not Processed due to DUPLICATE in past 7 days
202.156.3.37,SG,2023-02-28 20:46:35.909602,Not Processed due to DUPLICATE in past 7 days
13.33.88.19,SG,2023-02-28 20:46:35.911532,Not Processed due to DUPLICATE in past 7 days
161.117.125.94,SG,2023-02-28 20:46:35.914524,Not Processed due to DUPLICATE in past 7 days
69.173.158.68,SG,2023-02-28 20:46:35.916553,Not Processed due to DUPLICATE in past 7 days
157.240.13.175,SG,2023-02-28 20:46:35.919878,Not Processed due to DUPLICATE in past 7 days
54.192.150.11,SG,2023-02-28 20:46:35.922972,Not Processed due to DUPLICATE in past 7 days
91.108.56.122,SG,2023-02-28 20:46:35.926147,Not Processed due to DUPLICATE in past 7 days
23.200.24.27,SG,2023-02-28 20:46:35.928488,Not Processed due to DUPLICATE in past 7 days
54.251.222.189,SG,2023-02-28 20:46:35.931575,Not Processed due to DUPLICATE in past 7 days
52.98.70.130,SG,2023-02-28 20:46:35.933655,Not Processed due to DUPLICATE in past 7 days
203.116.175.152,SG,2023-02-28 20:46:35.936465,Not Processed due to DUPLICATE in past 7 days
43.156.222.154,SG,2023-02-28 20:46:35.938460,Not Processed due to DUPLICATE in past 7 days
124.155.222.58,SG,2023-02-28 20:46:35.941617,Not Processed due to DUPLICATE in past 7 days
103.252.202.183,SG,2023-02-28 20:46:35.944445,Not Processed due to DUPLICATE in past 7 days
184.31.5.103,SG,2023-02-28 20:46:35.948628,Not Processed due to DUPLICATE in past 7 days
103.136.220.205,SG,2023-02-28 20:46:35.952423,Not Processed due to DUPLICATE in past 7 days
157.240.7.20,SG,2023-02-28 20:46:35.955677,Not Processed due to DUPLICATE in past 7 days
23.205.209.126,SG,2023-02-28 20:46:35.959714,Not Processed due to DUPLICATE in past 7 days
119.13.160.160,SG,2023-02-28 20:46:35.962428,Not Processed due to DUPLICATE in past 7 days
89.187.162.134,SG,2023-02-28 20:46:35.965422,Not Processed due to DUPLICATE in past 7 days
23.205.209.74,SG,2023-02-28 20:46:35.967723,Not Processed due to DUPLICATE in past 7 days
111.223.64.51,SG,2023-02-28 20:46:35.970375,Not Processed due to DUPLICATE in past 7 days
157.240.15.61,SG,2023-02-28 20:46:35.972900,Not Processed due to DUPLICATE in past 7 days
13.35.13.83,SG,2023-02-28 20:46:35.975452,Not Processed due to DUPLICATE in past 7 days
40.99.10.34,SG,2023-02-28 20:46:35.979352,Not Processed due to DUPLICATE in past 7 days
101.33.26.196,SG,2023-02-28 20:46:35.982343,Not Processed due to DUPLICATE in past 7 days
188.42.147.158,SG,2023-02-28 20:46:35.985663,Not Processed due to DUPLICATE in past 7 days
23.52.171.154,SG,2023-02-28 20:46:35.988327,Not Processed due to DUPLICATE in past 7 days
86.48.10.115,SG,2023-02-28 20:46:35.990322,Not Processed due to DUPLICATE in past 7 days
184.28.53.99,SG,2023-02-28 20:46:35.993393,Not Processed due to DUPLICATE in past 7 days
203.116.175.136,SG,2023-02-28 20:46:35.996305,Not Processed due to DUPLICATE in past 7 days
43.132.80.26,SG,2023-02-28 20:46:35.999585,Not Processed due to DUPLICATE in past 7 days
157.240.13.14,SG,2023-02-28 20:46:36.001318,Not Processed due to DUPLICATE in past 7 days
134.238.32.89,SG,2023-02-28 20:46:36.005284,Not Processed due to DUPLICATE in past 7 days
13.35.18.21,SG,2023-02-28 20:46:36.010270,Not Processed due to DUPLICATE in past 7 days
52.84.251.63,SG,2023-02-28 20:46:36.013683,Not Processed due to DUPLICATE in past 7 days
157.240.7.33,SG,2023-02-28 20:46:36.016285,Not Processed due to DUPLICATE in past 7 days
51.79.204.178,SG,2023-02-28 20:46:36.019567,Not Processed due to DUPLICATE in past 7 days
23.44.4.26,SG,2023-02-28 20:46:36.021274,Not Processed due to DUPLICATE in past 7 days
202.65.240.210,SG,2023-02-28 20:46:36.024231,Not Processed due to DUPLICATE in past 7 days
54.192.150.84,SG,2023-02-28 20:46:36.027712,Not Processed due to DUPLICATE in past 7 days
23.59.80.67,SG,2023-02-28 20:46:36.030215,Not Processed due to DUPLICATE in past 7 days
23.200.24.99,SG,2023-02-28 20:46:36.032209,Not Processed due to DUPLICATE in past 7 days
52.84.251.104,SG,2023-02-28 20:46:36.035228,Not Processed due to DUPLICATE in past 7 days
13.33.28.218,SG,2023-02-28 20:46:36.037224,Not Processed due to DUPLICATE in past 7 days
156.146.57.46,SG,2023-02-28 20:46:36.039530,Not Processed due to DUPLICATE in past 7 days
17.248.154.10,SG,2023-02-28 20:46:36.042209,Not Processed due to DUPLICATE in past 7 days
13.33.33.72,SG,2023-02-28 20:46:36.044203,Not Processed due to DUPLICATE in past 7 days
84.247.49.210,SG,2023-02-28 20:46:36.047199,Not Processed due to DUPLICATE in past 7 days
107.155.23.10,SG,2023-02-28 20:46:36.049695,Not Processed due to DUPLICATE in past 7 days
124.155.222.40,SG,2023-02-28 20:46:36.051840,Not Processed due to DUPLICATE in past 7 days
103.28.54.162,SG,2023-02-28 20:46:36.054074,Not Processed due to DUPLICATE in past 7 days
17.248.164.104,SG,2023-02-28 20:46:36.056171,Not Processed due to DUPLICATE in past 7 days
104.65.229.48,SG,2023-02-28 20:46:36.058498,Not Processed due to DUPLICATE in past 7 days
101.33.26.180,SG,2023-02-28 20:46:36.060597,Not Processed due to DUPLICATE in past 7 days
13.33.78.115,SG,2023-02-28 20:46:36.062161,Not Processed due to DUPLICATE in past 7 days
23.54.56.210,SG,2023-02-28 20:46:36.064648,Not Processed due to DUPLICATE in past 7 days
52.74.138.239,SG,2023-02-28 20:46:36.066718,Not Processed due to DUPLICATE in past 7 days
54.192.150.59,SG,2023-02-28 20:46:36.069112,Not Processed due to DUPLICATE in past 7 days
111.223.64.57,SG,2023-02-28 20:46:36.071133,Not Processed due to DUPLICATE in past 7 days
51.79.223.17,SG,2023-02-28 20:46:36.075095,Not Processed due to DUPLICATE in past 7 days
104.28.156.111,SG,2023-02-28 20:46:36.077643,Not Processed due to DUPLICATE in past 7 days
47.241.41.246,SG,2023-02-28 20:46:36.080081,Not Processed due to DUPLICATE in past 7 days
17.253.61.204,SG,2023-02-28 20:46:36.082077,Not Processed due to DUPLICATE in past 7 days
20.157.117.5,SG,2023-02-28 20:46:36.085099,Not Processed due to DUPLICATE in past 7 days
209.85.228.10,SG,2023-02-28 20:46:36.087960,Not Processed due to DUPLICATE in past 7 days
101.33.26.226,SG,2023-02-28 20:46:36.090055,Not Processed due to DUPLICATE in past 7 days
23.61.0.95,SG,2023-02-28 20:46:36.092677,Not Processed due to DUPLICATE in past 7 days
125.252.229.208,SG,2023-02-28 20:46:36.094776,Not Processed due to DUPLICATE in past 7 days
51.79.206.66,SG,2023-02-28 20:46:36.096039,Not Processed due to DUPLICATE in past 7 days
18.136.178.185,SG,2023-02-28 20:46:36.099066,Not Processed due to DUPLICATE in past 7 days
43.132.81.121,SG,2023-02-28 20:46:36.102023,Not Processed due to DUPLICATE in past 7 days
157.240.13.33,SG,2023-02-28 20:46:36.104018,Not Processed due to DUPLICATE in past 7 days
103.6.151.227,SG,2023-02-28 20:46:36.107011,Not Processed due to DUPLICATE in past 7 days
23.54.56.132,SG,2023-02-28 20:46:36.110002,Not Processed due to DUPLICATE in past 7 days
13.33.33.95,SG,2023-02-28 20:46:36.113242,Not Processed due to DUPLICATE in past 7 days
51.79.166.235,SG,2023-02-28 20:46:36.117090,Not Processed due to DUPLICATE in past 7 days
157.240.15.52,SG,2023-02-28 20:46:36.120386,Not Processed due to DUPLICATE in past 7 days
74.125.171.10,SG,2023-02-28 20:46:36.122966,Not Processed due to DUPLICATE in past 7 days
23.49.60.136,SG,2023-02-28 20:46:36.126202,Not Processed due to DUPLICATE in past 7 days
104.103.150.205,SG,2023-02-28 20:46:36.128267,Not Processed due to DUPLICATE in past 7 days
43.156.223.191,SG,2023-02-28 20:46:36.131631,Not Processed due to DUPLICATE in past 7 days
173.194.51.102,SG,2023-02-28 20:46:36.133938,Not Processed due to DUPLICATE in past 7 days
17.248.154.52,SG,2023-02-28 20:46:36.136753,Not Processed due to DUPLICATE in past 7 days
52.74.200.0,SG,2023-02-28 20:46:36.138878,Not Processed due to DUPLICATE in past 7 days
202.165.107.53,SG,2023-02-28 20:46:36.140920,Not Processed due to DUPLICATE in past 7 days
13.251.171.38,SG,2023-02-28 20:46:36.144042,Not Processed due to DUPLICATE in past 7 days
157.240.15.34,SG,2023-02-28 20:46:36.145905,Not Processed due to DUPLICATE in past 7 days
23.58.140.25,SG,2023-02-28 20:46:36.148907,Not Processed due to DUPLICATE in past 7 days
23.54.58.69,SG,2023-02-28 20:46:36.151374,Not Processed due to DUPLICATE in past 7 days
3.1.172.253,SG,2023-02-28 20:46:36.152919,Not Processed due to DUPLICATE in past 7 days
52.98.71.210,SG,2023-02-28 20:46:36.156009,Not Processed due to DUPLICATE in past 7 days
43.132.81.184,SG,2023-02-28 20:46:36.157874,Not Processed due to DUPLICATE in past 7 days
13.229.19.162,SG,2023-02-28 20:46:36.160866,Not Processed due to DUPLICATE in past 7 days
96.17.72.40,SG,2023-02-28 20:46:36.164255,Not Processed due to DUPLICATE in past 7 days
23.5.165.51,SG,2023-02-28 20:46:36.166430,Not Processed due to DUPLICATE in past 7 days
23.200.24.90,SG,2023-02-28 20:46:36.168525,Not Processed due to DUPLICATE in past 7 days
13.33.28.151,SG,2023-02-28 20:46:36.170543,Not Processed due to DUPLICATE in past 7 days
23.50.94.75,SG,2023-02-28 20:46:36.172627,Not Processed due to DUPLICATE in past 7 days
18.140.28.233,SG,2023-02-28 20:46:36.174943,Not Processed due to DUPLICATE in past 7 days
138.113.125.14,SG,2023-02-28 20:46:36.177828,Not Processed due to DUPLICATE in past 7 days
13.214.91.161,SG,2023-02-28 20:46:36.180427,Not Processed due to DUPLICATE in past 7 days
23.44.0.126,SG,2023-02-28 20:46:36.183002,Not Processed due to DUPLICATE in past 7 days
116.86.140.226,SG,2023-02-28 20:46:36.185134,Not Processed due to DUPLICATE in past 7 days
203.116.188.216,SG,2023-02-28 20:46:36.187191,Not Processed due to DUPLICATE in past 7 days
23.212.92.24,SG,2023-02-28 20:46:36.188822,Not Processed due to DUPLICATE in past 7 days
43.152.143.228,SG,2023-02-28 20:46:36.190818,Not Processed due to DUPLICATE in past 7 days
103.155.16.130,SG,2023-02-28 20:46:36.193810,Not Processed due to DUPLICATE in past 7 days
89.187.162.142,SG,2023-02-28 20:46:36.196801,Not Processed due to DUPLICATE in past 7 days
125.56.199.98,SG,2023-02-28 20:46:36.199209,Not Processed due to DUPLICATE in past 7 days
157.240.13.175,SG,2023-02-28 20:46:36.201554,Not Processed due to DUPLICATE in past 7 days
52.123.252.34,SG,2023-02-28 20:46:36.203996,Not Processed due to DUPLICATE in past 7 days
51.79.167.114,SG,2023-02-28 20:46:36.206126,Not Processed due to DUPLICATE in past 7 days
51.79.204.61,SG,2023-02-28 20:46:36.208775,Not Processed due to DUPLICATE in past 7 days
43.132.73.53,SG,2023-02-28 20:46:36.212191,Not Processed due to DUPLICATE in past 7 days
17.248.164.77,SG,2023-02-28 20:46:36.213757,Not Processed due to DUPLICATE in past 7 days
54.192.150.17,SG,2023-02-28 20:46:36.216984,Not Processed due to DUPLICATE in past 7 days
111.223.64.91,SG,2023-02-28 20:46:36.219380,Not Processed due to DUPLICATE in past 7 days
111.223.64.51,SG,2023-02-28 20:46:36.221759,Not Processed due to DUPLICATE in past 7 days
139.99.68.6,SG,2023-02-28 20:46:36.224807,Not Processed due to DUPLICATE in past 7 days
13.33.28.61,SG,2023-02-28 20:46:36.228057,Not Processed due to DUPLICATE in past 7 days
52.114.15.111,SG,2023-02-28 20:46:36.231785,Not Processed due to DUPLICATE in past 7 days
210.10.5.13,SG,2023-02-28 20:46:36.235125,Not Processed due to DUPLICATE in past 7 days
52.220.83.205,SG,2023-02-28 20:46:36.237736,Not Processed due to DUPLICATE in past 7 days
142.251.91.102,SG,2023-02-28 20:46:36.241651,Not Processed due to DUPLICATE in past 7 days
17.253.61.198,SG,2023-02-28 20:46:36.244317,Not Processed due to DUPLICATE in past 7 days
8.212.12.137,SG,2023-02-28 20:46:36.246636,Not Processed due to DUPLICATE in past 7 days
184.87.202.204,SG,2023-02-28 20:46:36.248663,Not Processed due to DUPLICATE in past 7 days
20.43.132.130,SG,2023-02-28 20:46:36.250658,Not Processed due to DUPLICATE in past 7 days
18.136.234.192,SG,2023-02-28 20:46:36.252772,Not Processed due to DUPLICATE in past 7 days
13.33.91.132,SG,2023-02-28 20:46:36.254773,Not Processed due to DUPLICATE in past 7 days
52.84.251.98,SG,2023-02-28 20:46:36.256642,Not Processed due to DUPLICATE in past 7 days
17.248.164.15,SG,2023-02-28 20:46:36.259234,Not Processed due to DUPLICATE in past 7 days
184.26.21.9,SG,2023-02-28 20:46:36.261294,Not Processed due to DUPLICATE in past 7 days
52.84.251.40,SG,2023-02-28 20:46:36.263413,Not Processed due to DUPLICATE in past 7 days
165.21.6.79,SG,2023-02-28 20:46:36.265411,Not Processed due to DUPLICATE in past 7 days
101.33.26.138,SG,2023-02-28 20:46:36.267333,Not Processed due to DUPLICATE in past 7 days
18.140.218.3,SG,2023-02-28 20:46:36.269386,Not Processed due to DUPLICATE in past 7 days
13.33.88.4,SG,2023-02-28 20:46:36.271608,Not Processed due to DUPLICATE in past 7 days
150.109.91.98,SG,2023-02-28 20:46:36.275561,Not Processed due to DUPLICATE in past 7 days
52.84.251.93,SG,2023-02-28 20:46:36.278503,Not Processed due to DUPLICATE in past 7 days
40.99.10.18,SG,2023-02-28 20:46:36.280880,Not Processed due to DUPLICATE in past 7 days
13.227.254.124,SG,2023-02-28 20:46:36.283570,Not Processed due to DUPLICATE in past 7 days
114.119.180.179,SG,2023-02-28 20:46:36.288524,Not Processed due to DUPLICATE in past 7 days
103.115.76.67,SG,2023-02-28 20:46:36.292535,Not Processed due to DUPLICATE in past 7 days
157.240.7.170,SG,2023-02-28 20:46:36.295507,Not Processed due to DUPLICATE in past 7 days
52.84.225.192,SG,2023-02-28 20:46:36.299495,Not Processed due to DUPLICATE in past 7 days
157.240.235.19,SG,2023-02-28 20:46:36.302742,Not Processed due to DUPLICATE in past 7 days
23.47.190.193,SG,2023-02-28 20:46:36.305478,Not Processed due to DUPLICATE in past 7 days
101.32.104.104,SG,2023-02-28 20:46:36.308473,Not Processed due to DUPLICATE in past 7 days
129.227.82.151,SG,2023-02-28 20:46:36.311748,Not Processed due to DUPLICATE in past 7 days
23.50.232.243,SG,2023-02-28 20:46:36.314487,Not Processed due to DUPLICATE in past 7 days
89.187.163.119,SG,2023-02-28 20:46:36.317450,Not Processed due to DUPLICATE in past 7 days
23.45.116.67,SG,2023-02-28 20:46:36.320485,Not Processed due to DUPLICATE in past 7 days
13.33.88.62,SG,2023-02-28 20:46:36.322602,Not Processed due to DUPLICATE in past 7 days
157.240.15.37,SG,2023-02-28 20:46:36.325120,Not Processed due to DUPLICATE in past 7 days
17.248.164.113,SG,2023-02-28 20:46:36.327509,Not Processed due to DUPLICATE in past 7 days
17.253.61.218,SG,2023-02-28 20:46:36.329541,Not Processed due to DUPLICATE in past 7 days
13.228.107.3,SG,2023-02-28 20:46:36.331458,Not Processed due to DUPLICATE in past 7 days
23.59.80.121,SG,2023-02-28 20:46:36.333437,Not Processed due to DUPLICATE in past 7 days
17.253.61.219,SG,2023-02-28 20:46:36.336396,Not Processed due to DUPLICATE in past 7 days
18.141.245.52,SG,2023-02-28 20:46:36.338423,Not Processed due to DUPLICATE in past 7 days
173.194.59.42,SG,2023-02-28 20:46:36.340418,Not Processed due to DUPLICATE in past 7 days
52.119.187.64,SG,2023-02-28 20:46:36.343422,Not Processed due to DUPLICATE in past 7 days
219.74.135.239,SG,2023-02-28 20:46:36.345979,Not Processed due to DUPLICATE in past 7 days
20.198.162.76,SG,2023-02-28 20:46:36.348364,Not Processed due to DUPLICATE in past 7 days
150.109.91.9,SG,2023-02-28 20:46:36.350936,Not Processed due to DUPLICATE in past 7 days
52.220.149.37,SG,2023-02-28 20:46:36.352354,Not Processed due to DUPLICATE in past 7 days
104.69.45.249,SG,2023-02-28 20:46:36.355443,Not Processed due to DUPLICATE in past 7 days
104.70.101.54,SG,2023-02-28 20:46:36.357723,Not Processed due to DUPLICATE in past 7 days
52.163.231.110,SG,2023-02-28 20:46:36.361345,Not Processed due to DUPLICATE in past 7 days
129.227.82.185,SG,2023-02-28 20:46:36.364357,Not Processed due to DUPLICATE in past 7 days
157.240.235.35,SG,2023-02-28 20:46:36.366342,Not Processed due to DUPLICATE in past 7 days
52.128.22.202,SG,2023-02-28 20:46:36.369555,Not Processed due to DUPLICATE in past 7 days
125.56.199.16,SG,2023-02-28 20:46:36.371669,Not Processed due to DUPLICATE in past 7 days
49.245.110.44,SG,2023-02-28 20:46:36.374297,Not Processed due to DUPLICATE in past 7 days
52.84.225.185,SG,2023-02-28 20:46:36.376289,Not Processed due to DUPLICATE in past 7 days
13.33.33.5,SG,2023-02-28 20:46:36.379645,Not Processed due to DUPLICATE in past 7 days
13.33.33.76,SG,2023-02-28 20:46:36.381703,Not Processed due to DUPLICATE in past 7 days
104.65.229.95,SG,2023-02-28 20:46:36.384268,Not Processed due to DUPLICATE in past 7 days
23.211.140.105,SG,2023-02-28 20:46:36.386264,Not Processed due to DUPLICATE in past 7 days
54.179.5.120,SG,2023-02-28 20:46:36.389287,Not Processed due to DUPLICATE in past 7 days
17.248.154.47,SG,2023-02-28 20:46:36.391679,Not Processed due to DUPLICATE in past 7 days
51.79.144.149,SG,2023-02-28 20:46:36.394241,Not Processed due to DUPLICATE in past 7 days
13.228.166.121,SG,2023-02-28 20:46:36.397424,Not Processed due to DUPLICATE in past 7 days
91.108.56.194,SG,2023-02-28 20:46:36.399698,Not Processed due to DUPLICATE in past 7 days
150.109.91.57,SG,2023-02-28 20:46:36.402264,Not Processed due to DUPLICATE in past 7 days
13.33.79.24,SG,2023-02-28 20:46:36.404214,Not Processed due to DUPLICATE in past 7 days
143.244.33.176,SG,2023-02-28 20:46:36.407208,Not Processed due to DUPLICATE in past 7 days
138.75.100.175,SG,2023-02-28 20:46:36.410200,Not Processed due to DUPLICATE in past 7 days
89.187.163.135,SG,2023-02-28 20:46:36.412231,Not Processed due to DUPLICATE in past 7 days
52.221.128.40,SG,2023-02-28 20:46:36.415368,Not Processed due to DUPLICATE in past 7 days
101.33.27.55,SG,2023-02-28 20:46:36.417573,Not Processed due to DUPLICATE in past 7 days
13.33.88.49,SG,2023-02-28 20:46:36.419207,Not Processed due to DUPLICATE in past 7 days
49.245.62.228,SG,2023-02-28 20:46:36.421748,Not Processed due to DUPLICATE in past 7 days
103.167.26.35,SG,2023-02-28 20:46:36.424538,Not Processed due to DUPLICATE in past 7 days
20.197.107.0,SG,2023-02-28 20:46:36.427268,Not Processed due to DUPLICATE in past 7 days
202.166.127.86,SG,2023-02-28 20:46:36.429511,Not Processed due to DUPLICATE in past 7 days
101.33.26.253,SG,2023-02-28 20:46:36.431613,Not Processed due to DUPLICATE in past 7 days
101.100.211.131,SG,2023-02-28 20:46:36.433530,Not Processed due to DUPLICATE in past 7 days
47.88.251.182,SG,2023-02-28 20:46:36.435680,Not Processed due to DUPLICATE in past 7 days
188.42.147.139,SG,2023-02-28 20:46:36.438331,Not Processed due to DUPLICATE in past 7 days
18.136.245.210,SG,2023-02-28 20:46:36.440118,Not Processed due to DUPLICATE in past 7 days
52.84.251.75,SG,2023-02-28 20:46:36.443605,Not Processed due to DUPLICATE in past 7 days
52.76.114.16,SG,2023-02-28 20:46:36.445838,Not Processed due to DUPLICATE in past 7 days
13.33.88.27,SG,2023-02-28 20:46:36.447876,Not Processed due to DUPLICATE in past 7 days
13.33.88.92,SG,2023-02-28 20:46:36.449995,Not Processed due to DUPLICATE in past 7 days
13.251.179.112,SG,2023-02-28 20:46:36.452037,Not Processed due to DUPLICATE in past 7 days
103.252.202.87,SG,2023-02-28 20:46:36.453889,Not Processed due to DUPLICATE in past 7 days
149.34.253.147,SG,2023-02-28 20:46:36.455955,Not Processed due to DUPLICATE in past 7 days
17.248.154.24,SG,2023-02-28 20:46:36.458492,Not Processed due to DUPLICATE in past 7 days
52.84.228.201,SG,2023-02-28 20:46:36.460100,Not Processed due to DUPLICATE in past 7 days
218.212.62.147,SG,2023-02-28 20:46:36.462096,Not Processed due to DUPLICATE in past 7 days
13.213.86.215,SG,2023-02-28 20:46:36.464817,Not Processed due to DUPLICATE in past 7 days
17.253.61.195,SG,2023-02-28 20:46:36.466081,Not Processed due to DUPLICATE in past 7 days
52.84.251.82,SG,2023-02-28 20:46:36.468862,Not Processed due to DUPLICATE in past 7 days
13.33.28.71,SG,2023-02-28 20:46:36.470842,Not Processed due to DUPLICATE in past 7 days
17.248.164.76,SG,2023-02-28 20:46:36.473031,Not Processed due to DUPLICATE in past 7 days
54.179.136.53,SG,2023-02-28 20:46:36.476078,Not Processed due to DUPLICATE in past 7 days
23.46.16.206,SG,2023-02-28 20:46:36.479015,Not Processed due to DUPLICATE in past 7 days
129.227.66.66,SG,2023-02-28 20:46:36.481009,Not Processed due to DUPLICATE in past 7 days
51.79.166.196,SG,2023-02-28 20:46:36.484033,Not Processed due to DUPLICATE in past 7 days
142.251.91.103,SG,2023-02-28 20:46:36.487540,Not Processed due to DUPLICATE in past 7 days
101.32.104.104,SG,2023-02-28 20:46:36.489987,Not Processed due to DUPLICATE in past 7 days
13.227.254.98,SG,2023-02-28 20:46:36.493097,Not Processed due to DUPLICATE in past 7 days
51.79.164.252,SG,2023-02-28 20:46:36.496780,Not Processed due to DUPLICATE in past 7 days
69.173.158.67,SG,2023-02-28 20:46:36.499118,Not Processed due to DUPLICATE in past 7 days
49.0.204.153,SG,2023-02-28 20:46:36.501220,Not Processed due to DUPLICATE in past 7 days
203.116.175.112,SG,2023-02-28 20:46:36.503583,Not Processed due to DUPLICATE in past 7 days
23.49.60.200,SG,2023-02-28 20:46:36.504984,Not Processed due to DUPLICATE in past 7 days
23.59.168.75,SG,2023-02-28 20:46:36.507937,Not Processed due to DUPLICATE in past 7 days
165.21.83.88,SG,2023-02-28 20:46:36.511163,Not Processed due to DUPLICATE in past 7 days
23.5.165.147,SG,2023-02-28 20:46:36.512952,Not Processed due to DUPLICATE in past 7 days
117.121.250.189,SG,2023-02-28 20:46:36.515915,Not Processed due to DUPLICATE in past 7 days
13.33.88.20,SG,2023-02-28 20:46:36.517911,Not Processed due to DUPLICATE in past 7 days
106.10.247.0,SG,2023-02-28 20:46:36.519930,Not Processed due to DUPLICATE in past 7 days
54.169.187.222,SG,2023-02-28 20:46:36.523040,Not Processed due to DUPLICATE in past 7 days
17.248.164.39,SG,2023-02-28 20:46:36.525697,Not Processed due to DUPLICATE in past 7 days
111.223.64.67,SG,2023-02-28 20:46:36.527884,Not Processed due to DUPLICATE in past 7 days
8.219.209.36,SG,2023-02-28 20:46:36.529879,Not Processed due to DUPLICATE in past 7 days
116.0.81.226,SG,2023-02-28 20:46:36.531874,Not Processed due to DUPLICATE in past 7 days
103.1.138.196,SG,2023-02-28 20:46:36.535409,Not Processed due to DUPLICATE in past 7 days
51.79.166.77,SG,2023-02-28 20:46:36.537858,Not Processed due to DUPLICATE in past 7 days
13.251.177.192,SG,2023-02-28 20:46:36.539853,Not Processed due to DUPLICATE in past 7 days
51.79.207.122,SG,2023-02-28 20:46:36.542843,Not Processed due to DUPLICATE in past 7 days
42.60.162.105,SG,2023-02-28 20:46:36.545700,Not Processed due to DUPLICATE in past 7 days
52.221.75.5,SG,2023-02-28 20:46:36.548006,Not Processed due to DUPLICATE in past 7 days
13.33.33.7,SG,2023-02-28 20:46:36.549852,Not Processed due to DUPLICATE in past 7 days
51.79.241.32,SG,2023-02-28 20:46:36.551820,Not Processed due to DUPLICATE in past 7 days
143.92.116.159,SG,2023-02-28 20:46:36.554242,Not Processed due to DUPLICATE in past 7 days
104.89.122.4,SG,2023-02-28 20:46:36.556108,Not Processed due to DUPLICATE in past 7 days
54.192.150.86,SG,2023-02-28 20:46:36.558801,Not Processed due to DUPLICATE in past 7 days
67.199.150.85,SG,2023-02-28 20:46:36.560944,Not Processed due to DUPLICATE in past 7 days
52.220.167.100,SG,2023-02-28 20:46:36.562815,Not Processed due to DUPLICATE in past 7 days
184.87.193.74,SG,2023-02-28 20:46:36.564810,Not Processed due to DUPLICATE in past 7 days
52.98.90.2,SG,2023-02-28 20:46:36.566981,Not Processed due to DUPLICATE in past 7 days
42.60.162.105,SG,2023-02-28 20:46:36.569100,Not Processed due to DUPLICATE in past 7 days
23.50.82.98,SG,2023-02-28 20:46:36.571187,Not Processed due to DUPLICATE in past 7 days
13.227.254.40,SG,2023-02-28 20:46:36.573103,Not Processed due to DUPLICATE in past 7 days
23.200.29.68,SG,2023-02-28 20:46:36.575438,Not Processed due to DUPLICATE in past 7 days
23.40.32.206,SG,2023-02-28 20:46:36.577587,Not Processed due to DUPLICATE in past 7 days
17.248.154.18,SG,2023-02-28 20:46:36.579643,Not Processed due to DUPLICATE in past 7 days
104.70.103.233,SG,2023-02-28 20:46:36.581603,Not Processed due to DUPLICATE in past 7 days
17.248.154.12,SG,2023-02-28 20:46:36.583638,Not Processed due to DUPLICATE in past 7 days
13.33.33.40,SG,2023-02-28 20:46:36.584764,Not Processed due to DUPLICATE in past 7 days
101.33.27.26,SG,2023-02-28 20:46:36.587555,Not Processed due to DUPLICATE in past 7 days
47.246.58.211,SG,2023-02-28 20:46:36.589425,Not Processed due to DUPLICATE in past 7 days
54.151.177.200,SG,2023-02-28 20:46:36.591743,Not Processed due to DUPLICATE in past 7 days
104.69.36.120,SG,2023-02-28 20:46:36.592742,Not Processed due to DUPLICATE in past 7 days
18.141.61.240,SG,2023-02-28 20:46:36.594737,Not Processed due to DUPLICATE in past 7 days
20.190.163.18,SG,2023-02-28 20:46:36.597837,Not Processed due to DUPLICATE in past 7 days
23.210.250.147,SG,2023-02-28 20:46:36.599928,Not Processed due to DUPLICATE in past 7 days
51.79.147.148,SG,2023-02-28 20:46:36.601976,Not Processed due to DUPLICATE in past 7 days
13.33.100.113,SG,2023-02-28 20:46:36.603908,Not Processed due to DUPLICATE in past 7 days
118.215.87.103,SG,2023-02-28 20:46:36.605889,Not Processed due to DUPLICATE in past 7 days
3.0.71.181,SG,2023-02-28 20:46:36.608013,Not Processed due to DUPLICATE in past 7 days
3.0.114.63,SG,2023-02-28 20:46:36.610046,Not Processed due to DUPLICATE in past 7 days
13.227.254.127,SG,2023-02-28 20:46:36.611998,Not Processed due to DUPLICATE in past 7 days
43.156.10.157,SG,2023-02-28 20:46:36.614339,Not Processed due to DUPLICATE in past 7 days
23.108.101.160,SG,2023-02-28 20:46:36.616875,Not Processed due to DUPLICATE in past 7 days
184.31.4.239,SG,2023-02-28 20:46:36.619640,Not Processed due to DUPLICATE in past 7 days
203.117.89.32,SG,2023-02-28 20:46:36.624626,Not Processed due to DUPLICATE in past 7 days
13.227.254.80,SG,2023-02-28 20:46:36.627617,Not Processed due to DUPLICATE in past 7 days
23.199.241.249,SG,2023-02-28 20:46:36.631967,Not Processed due to DUPLICATE in past 7 days
23.106.249.200,SG,2023-02-28 20:46:36.634757,Not Processed due to DUPLICATE in past 7 days
52.221.48.28,SG,2023-02-28 20:46:36.636627,Not Processed due to DUPLICATE in past 7 days
54.192.150.129,SG,2023-02-28 20:46:36.638621,Not Processed due to DUPLICATE in past 7 days
101.33.26.117,SG,2023-02-28 20:46:36.640785,Not Processed due to DUPLICATE in past 7 days
13.251.133.111,SG,2023-02-28 20:46:36.644879,Not Processed due to DUPLICATE in past 7 days
203.205.155.79,SG,2023-02-28 20:46:36.647795,Not Processed due to DUPLICATE in past 7 days
156.146.56.89,SG,2023-02-28 20:46:36.649592,Not Processed due to DUPLICATE in past 7 days
132.147.114.72,SG,2023-02-28 20:46:36.651843,Not Processed due to DUPLICATE in past 7 days
104.103.146.82,SG,2023-02-28 20:46:36.653730,Not Processed due to DUPLICATE in past 7 days
101.33.27.9,SG,2023-02-28 20:46:36.655574,Not Processed due to DUPLICATE in past 7 days
129.226.2.109,SG,2023-02-28 20:46:36.656576,Not Processed due to DUPLICATE in past 7 days
23.195.121.65,SG,2023-02-28 20:46:36.659566,Not Processed due to DUPLICATE in past 7 days
173.194.22.40,SG,2023-02-28 20:46:36.661527,Not Processed due to DUPLICATE in past 7 days
118.200.43.119,SG,2023-02-28 20:46:36.663472,Not Processed due to DUPLICATE in past 7 days
23.47.190.82,SG,2023-02-28 20:46:36.665513,Not Processed due to DUPLICATE in past 7 days
184.31.5.52,SG,2023-02-28 20:46:36.667545,Not Processed due to DUPLICATE in past 7 days
23.200.24.50,SG,2023-02-28 20:46:36.669549,Not Processed due to DUPLICATE in past 7 days
121.7.52.95,SG,2023-02-28 20:46:36.671500,Not Processed due to DUPLICATE in past 7 days
111.223.64.18,SG,2023-02-28 20:46:36.675489,Not Processed due to DUPLICATE in past 7 days
129.226.3.42,SG,2023-02-28 20:46:36.678481,Not Processed due to DUPLICATE in past 7 days
42.61.136.253,SG,2023-02-28 20:46:36.681721,Not Processed due to DUPLICATE in past 7 days
17.248.154.20,SG,2023-02-28 20:46:36.685919,Not Processed due to DUPLICATE in past 7 days
17.248.154.9,SG,2023-02-28 20:46:36.688944,Not Processed due to DUPLICATE in past 7 days
104.69.46.40,SG,2023-02-28 20:46:36.691556,Not Processed due to DUPLICATE in past 7 days
121.6.48.26,SG,2023-02-28 20:46:36.694441,Not Processed due to DUPLICATE in past 7 days
103.229.205.242,SG,2023-02-28 20:46:36.696433,Not Processed due to DUPLICATE in past 7 days
52.76.244.101,SG,2023-02-28 20:46:36.699426,Not Processed due to DUPLICATE in past 7 days
156.59.238.4,SG,2023-02-28 20:46:36.702783,Not Processed due to DUPLICATE in past 7 days
142.251.88.74,SG,2023-02-28 20:46:36.705409,Not Processed due to DUPLICATE in past 7 days
163.171.211.51,SG,2023-02-28 20:46:36.709402,Not Processed due to DUPLICATE in past 7 days
106.10.236.40,SG,2023-02-28 20:46:36.712612,Not Processed due to DUPLICATE in past 7 days
172.224.26.143,SG,2023-02-28 20:46:36.715328,Not Processed due to DUPLICATE in past 7 days
51.79.223.25,SG,2023-02-28 20:46:36.717875,Not Processed due to DUPLICATE in past 7 days
101.32.107.74,SG,2023-02-28 20:46:36.719624,Not Processed due to DUPLICATE in past 7 days
17.248.164.103,SG,2023-02-28 20:46:36.723381,Not Processed due to DUPLICATE in past 7 days
101.33.26.119,SG,2023-02-28 20:46:36.728349,Not Processed due to DUPLICATE in past 7 days
23.106.127.165,SG,2023-02-28 20:46:36.732338,Not Processed due to DUPLICATE in past 7 days
172.217.194.138,SG,2023-02-28 20:46:36.736327,Not Processed due to DUPLICATE in past 7 days
13.33.88.55,SG,2023-02-28 20:46:36.739318,Not Processed due to DUPLICATE in past 7 days
69.192.164.22,SG,2023-02-28 20:46:36.744432,Not Processed due to DUPLICATE in past 7 days
54.251.250.140,SG,2023-02-28 20:46:36.747298,Not Processed due to DUPLICATE in past 7 days
142.251.85.72,SG,2023-02-28 20:46:36.751362,Not Processed due to DUPLICATE in past 7 days
203.117.18.46,SG,2023-02-28 20:46:36.754279,Not Processed due to DUPLICATE in past 7 days
104.69.33.114,SG,2023-02-28 20:46:36.758269,Not Processed due to DUPLICATE in past 7 days
17.248.164.37,SG,2023-02-28 20:46:36.761285,Not Processed due to DUPLICATE in past 7 days
23.205.209.57,SG,2023-02-28 20:46:36.764277,Not Processed due to DUPLICATE in past 7 days
23.50.83.83,SG,2023-02-28 20:46:36.766821,Not Processed due to DUPLICATE in past 7 days
111.223.64.75,SG,2023-02-28 20:46:36.769239,Not Processed due to DUPLICATE in past 7 days
101.32.104.177,SG,2023-02-28 20:46:36.771663,Not Processed due to DUPLICATE in past 7 days
104.69.100.156,SG,2023-02-28 20:46:36.773228,Not Processed due to DUPLICATE in past 7 days
46.137.248.174,SG,2023-02-28 20:46:36.776104,Not Processed due to DUPLICATE in past 7 days
13.35.19.109,SG,2023-02-28 20:46:36.777249,Not Processed due to DUPLICATE in past 7 days
162.62.163.70,SG,2023-02-28 20:46:36.780104,Not Processed due to DUPLICATE in past 7 days
40.126.35.144,SG,2023-02-28 20:46:36.782124,Not Processed due to DUPLICATE in past 7 days
74.125.200.109,SG,2023-02-28 20:46:36.784743,Not Processed due to DUPLICATE in past 7 days
18.142.190.135,SG,2023-02-28 20:46:36.786920,Not Processed due to DUPLICATE in past 7 days
23.49.60.192,SG,2023-02-28 20:46:36.789005,Not Processed due to DUPLICATE in past 7 days
17.253.61.206,SG,2023-02-28 20:46:36.791180,Not Processed due to DUPLICATE in past 7 days
101.33.26.134,SG,2023-02-28 20:46:36.793638,Not Processed due to DUPLICATE in past 7 days
13.227.250.146,SG,2023-02-28 20:46:36.795743,Not Processed due to DUPLICATE in past 7 days
34.101.114.154,SG,2023-02-28 20:46:36.797248,Not Processed due to DUPLICATE in past 7 days
116.14.138.181,SG,2023-02-28 20:46:36.800593,Not Processed due to DUPLICATE in past 7 days
116.87.65.66,SG,2023-02-28 20:46:36.803102,Not Processed due to DUPLICATE in past 7 days
125.56.199.17,SG,2023-02-28 20:46:36.805287,Not Processed due to DUPLICATE in past 7 days
203.116.175.106,SG,2023-02-28 20:46:36.807170,Not Processed due to DUPLICATE in past 7 days
43.132.80.26,SG,2023-02-28 20:46:36.809717,Not Processed due to DUPLICATE in past 7 days
13.33.88.71,SG,2023-02-28 20:46:36.811712,Not Processed due to DUPLICATE in past 7 days
150.109.90.100,SG,2023-02-28 20:46:36.813271,Not Processed due to DUPLICATE in past 7 days
203.116.175.25,SG,2023-02-28 20:46:36.816325,Not Processed due to DUPLICATE in past 7 days
203.116.175.81,SG,2023-02-28 20:46:36.818750,Not Processed due to DUPLICATE in past 7 days
203.116.175.137,SG,2023-02-28 20:46:36.820906,Not Processed due to DUPLICATE in past 7 days
17.253.61.215,SG,2023-02-28 20:46:36.822800,Not Processed due to DUPLICATE in past 7 days
23.52.112.60,SG,2023-02-28 20:46:36.825497,Not Processed due to DUPLICATE in past 7 days
43.132.80.51,SG,2023-02-28 20:46:36.827707,Not Processed due to DUPLICATE in past 7 days
202.166.20.198,SG,2023-02-28 20:46:36.829112,Not Processed due to DUPLICATE in past 7 days
172.217.194.136,SG,2023-02-28 20:46:36.831921,Not Processed due to DUPLICATE in past 7 days
111.223.64.64,SG,2023-02-28 20:46:36.833876,Not Processed due to DUPLICATE in past 7 days
143.244.33.174,SG,2023-02-28 20:46:36.835826,Not Processed due to DUPLICATE in past 7 days
54.254.189.209,SG,2023-02-28 20:46:36.837942,Not Processed due to DUPLICATE in past 7 days
13.33.33.78,SG,2023-02-28 20:46:36.839377,Not Processed due to DUPLICATE in past 7 days
23.36.49.120,SG,2023-02-28 20:46:36.842456,Not Processed due to DUPLICATE in past 7 days
157.240.13.128,SG,2023-02-28 20:46:36.844582,Not Processed due to DUPLICATE in past 7 days
13.33.33.114,SG,2023-02-28 20:46:36.847031,Not Processed due to DUPLICATE in past 7 days
13.33.88.79,SG,2023-02-28 20:46:36.849058,Not Processed due to DUPLICATE in past 7 days
111.223.64.82,SG,2023-02-28 20:46:36.851533,Not Processed due to DUPLICATE in past 7 days
40.90.184.82,SG,2023-02-28 20:46:36.853577,Not Processed due to DUPLICATE in past 7 days
18.136.43.67,SG,2023-02-28 20:46:36.855642,Not Processed due to DUPLICATE in past 7 days
104.70.102.14,SG,2023-02-28 20:46:36.857038,Not Processed due to DUPLICATE in past 7 days
23.50.81.2,SG,2023-02-28 20:46:36.860194,Not Processed due to DUPLICATE in past 7 days
203.116.175.114,SG,2023-02-28 20:46:36.863732,Not Processed due to DUPLICATE in past 7 days
17.248.164.5,SG,2023-02-28 20:46:36.866369,Not Processed due to DUPLICATE in past 7 days
103.167.26.35,SG,2023-02-28 20:46:36.869305,Not Processed due to DUPLICATE in past 7 days
13.67.9.11,SG,2023-02-28 20:46:36.872980,Not Processed due to DUPLICATE in past 7 days
13.228.147.133,SG,2023-02-28 20:46:36.876951,Not Processed due to DUPLICATE in past 7 days
13.227.254.117,SG,2023-02-28 20:46:36.879943,Not Processed due to DUPLICATE in past 7 days
43.156.222.165,SG,2023-02-28 20:46:36.883627,Not Processed due to DUPLICATE in past 7 days
23.195.120.25,SG,2023-02-28 20:46:36.885927,Not Processed due to DUPLICATE in past 7 days
51.79.223.22,SG,2023-02-28 20:46:36.889060,Not Processed due to DUPLICATE in past 7 days
23.200.29.38,SG,2023-02-28 20:46:36.894904,Not Processed due to DUPLICATE in past 7 days
51.79.164.73,SG,2023-02-28 20:46:36.897898,Not Processed due to DUPLICATE in past 7 days
51.79.206.200,SG,2023-02-28 20:46:36.901244,Not Processed due to DUPLICATE in past 7 days
18.136.57.60,SG,2023-02-28 20:46:36.903642,Not Processed due to DUPLICATE in past 7 days
43.251.165.106,SG,2023-02-28 20:46:36.905873,Not Processed due to DUPLICATE in past 7 days
184.27.123.152,SG,2023-02-28 20:46:36.909664,Not Processed due to DUPLICATE in past 7 days
18.138.88.59,SG,2023-02-28 20:46:36.911858,Not Processed due to DUPLICATE in past 7 days
13.35.18.222,SG,2023-02-28 20:46:36.914888,Not Processed due to DUPLICATE in past 7 days
52.76.229.186,SG,2023-02-28 20:46:36.917185,Not Processed due to DUPLICATE in past 7 days
23.36.49.151,SG,2023-02-28 20:46:36.919487,Not Processed due to DUPLICATE in past 7 days
104.88.70.26,SG,2023-02-28 20:46:36.921831,Not Processed due to DUPLICATE in past 7 days
118.215.84.97,SG,2023-02-28 20:46:36.923825,Not Processed due to DUPLICATE in past 7 days
142.251.85.135,SG,2023-02-28 20:46:36.927694,Not Processed due to DUPLICATE in past 7 days
203.118.0.108,SG,2023-02-28 20:46:36.929810,Not Processed due to DUPLICATE in past 7 days
23.205.208.208,SG,2023-02-28 20:46:36.933331,Not Processed due to DUPLICATE in past 7 days
122.11.128.50,SG,2023-02-28 20:46:36.935793,Not Processed due to DUPLICATE in past 7 days
111.223.64.40,SG,2023-02-28 20:46:36.937788,Not Processed due to DUPLICATE in past 7 days
184.31.5.164,SG,2023-02-28 20:46:36.941777,Not Processed due to DUPLICATE in past 7 days
54.251.80.34,SG,2023-02-28 20:46:36.944887,Not Processed due to DUPLICATE in past 7 days
23.52.112.115,SG,2023-02-28 20:46:36.947761,Not Processed due to DUPLICATE in past 7 days
104.65.229.103,SG,2023-02-28 20:46:36.949756,Not Processed due to DUPLICATE in past 7 days
104.69.97.141,SG,2023-02-28 20:46:36.952810,Not Processed due to DUPLICATE in past 7 days
84.17.39.179,SG,2023-02-28 20:46:36.956739,Not Processed due to DUPLICATE in past 7 days
23.195.120.232,SG,2023-02-28 20:46:36.960787,Not Processed due to DUPLICATE in past 7 days
116.88.228.102,SG,2023-02-28 20:46:36.963314,Not Processed due to DUPLICATE in past 7 days
17.253.61.195,SG,2023-02-28 20:46:36.965713,Not Processed due to DUPLICATE in past 7 days
13.33.88.94,SG,2023-02-28 20:46:36.968986,Not Processed due to DUPLICATE in past 7 days
203.205.155.101,SG,2023-02-28 20:46:36.971704,Not Processed due to DUPLICATE in past 7 days
142.251.88.72,SG,2023-02-28 20:46:36.974690,Not Processed due to DUPLICATE in past 7 days
45.60.83.25,SG,2023-02-28 20:46:36.977681,Not Processed due to DUPLICATE in past 7 days
43.132.80.53,SG,2023-02-28 20:46:36.980680,Not Processed due to DUPLICATE in past 7 days
17.248.164.6,SG,2023-02-28 20:46:36.983666,Not Processed due to DUPLICATE in past 7 days
43.134.115.101,SG,2023-02-28 20:46:36.985660,Not Processed due to DUPLICATE in past 7 days
101.33.26.135,SG,2023-02-28 20:46:36.988652,Not Processed due to DUPLICATE in past 7 days
69.192.165.195,SG,2023-02-28 20:46:36.991643,Not Processed due to DUPLICATE in past 7 days
111.223.64.41,SG,2023-02-28 20:46:36.995429,Not Processed due to DUPLICATE in past 7 days
51.79.205.120,SG,2023-02-28 20:46:36.997637,Not Processed due to DUPLICATE in past 7 days
74.125.171.71,SG,2023-02-28 20:46:37.000621,Not Processed due to DUPLICATE in past 7 days
52.84.251.115,SG,2023-02-28 20:46:37.004610,Not Processed due to DUPLICATE in past 7 days
23.205.208.62,SG,2023-02-28 20:46:37.008856,Not Processed due to DUPLICATE in past 7 days
52.76.39.148,SG,2023-02-28 20:46:37.011706,Not Processed due to DUPLICATE in past 7 days
42.60.155.156,SG,2023-02-28 20:46:37.014505,Not Processed due to DUPLICATE in past 7 days
199.184.145.161,SG,2023-02-28 20:46:37.016578,Not Processed due to DUPLICATE in past 7 days
40.99.10.98,SG,2023-02-28 20:46:37.019612,Not Processed due to DUPLICATE in past 7 days
184.87.193.86,SG,2023-02-28 20:46:37.021597,Not Processed due to DUPLICATE in past 7 days
104.69.44.74,SG,2023-02-28 20:46:37.023891,Not Processed due to DUPLICATE in past 7 days
202.156.3.37,SG,2023-02-28 20:46:37.026967,Not Processed due to DUPLICATE in past 7 days
23.59.168.42,SG,2023-02-28 20:46:37.029057,Not Processed due to DUPLICATE in past 7 days
31.13.68.52,SG,2023-02-28 20:46:37.031169,Not Processed due to DUPLICATE in past 7 days
157.240.15.57,SG,2023-02-28 20:46:37.033693,Not Processed due to DUPLICATE in past 7 days
143.244.33.177,SG,2023-02-28 20:46:37.036182,Not Processed due to DUPLICATE in past 7 days
18.136.166.61,SG,2023-02-28 20:46:37.038257,Not Processed due to DUPLICATE in past 7 days
54.192.150.106,SG,2023-02-28 20:46:37.039828,Not Processed due to DUPLICATE in past 7 days
23.59.80.107,SG,2023-02-28 20:46:37.043001,Not Processed due to DUPLICATE in past 7 days
52.220.117.33,SG,2023-02-28 20:46:37.045501,Not Processed due to DUPLICATE in past 7 days
139.99.49.250,SG,2023-02-28 20:46:37.049112,Not Processed due to DUPLICATE in past 7 days
13.33.33.110,SG,2023-02-28 20:46:37.052371,Not Processed due to DUPLICATE in past 7 days
203.126.101.22,SG,2023-02-28 20:46:37.055199,Not Processed due to DUPLICATE in past 7 days
17.253.61.219,SG,2023-02-28 20:46:37.058468,Not Processed due to DUPLICATE in past 7 days
23.15.147.56,SG,2023-02-28 20:46:37.061143,Not Processed due to DUPLICATE in past 7 days
111.223.64.48,SG,2023-02-28 20:46:37.062487,Not Processed due to DUPLICATE in past 7 days
40.119.240.74,SG,2023-02-28 20:46:37.065614,Not Processed due to DUPLICATE in past 7 days
172.217.194.105,SG,2023-02-28 20:46:37.068165,Not Processed due to DUPLICATE in past 7 days
101.32.104.4,SG,2023-02-28 20:46:37.070140,Not Processed due to DUPLICATE in past 7 days
203.116.175.43,SG,2023-02-28 20:46:37.072175,Not Processed due to DUPLICATE in past 7 days
13.33.88.3,SG,2023-02-28 20:46:37.074423,Not Processed due to DUPLICATE in past 7 days
13.33.88.123,SG,2023-02-28 20:46:37.076450,Not Processed due to DUPLICATE in past 7 days
52.128.22.96,SG,2023-02-28 20:46:37.079412,Not Processed due to DUPLICATE in past 7 days
51.79.204.65,SG,2023-02-28 20:46:37.082402,Not Processed due to DUPLICATE in past 7 days
23.58.140.119,SG,2023-02-28 20:46:37.086391,Not Processed due to DUPLICATE in past 7 days
52.74.122.170,SG,2023-02-28 20:46:37.089383,Not Processed due to DUPLICATE in past 7 days
13.33.33.94,SG,2023-02-28 20:46:37.093531,Not Processed due to DUPLICATE in past 7 days
115.66.105.61,SG,2023-02-28 20:46:37.096365,Not Processed due to DUPLICATE in past 7 days
129.227.82.150,SG,2023-02-28 20:46:37.098359,Not Processed due to DUPLICATE in past 7 days
18.139.27.82,SG,2023-02-28 20:46:37.101055,Not Processed due to DUPLICATE in past 7 days
103.252.202.238,SG,2023-02-28 20:46:37.103040,Not Processed due to DUPLICATE in past 7 days
89.187.163.213,SG,2023-02-28 20:46:37.104375,Not Processed due to DUPLICATE in past 7 days
17.248.164.40,SG,2023-02-28 20:46:37.108332,Not Processed due to DUPLICATE in past 7 days
54.192.150.27,SG,2023-02-28 20:46:37.111583,Not Processed due to DUPLICATE in past 7 days
17.253.61.213,SG,2023-02-28 20:46:37.114342,Not Processed due to DUPLICATE in past 7 days
103.252.202.238,SG,2023-02-28 20:46:37.116925,Not Processed due to DUPLICATE in past 7 days
51.79.222.58,SG,2023-02-28 20:46:37.119331,Not Processed due to DUPLICATE in past 7 days
184.87.193.79,SG,2023-02-28 20:46:37.122295,Not Processed due to DUPLICATE in past 7 days
43.132.80.30,SG,2023-02-28 20:46:37.125649,Not Processed due to DUPLICATE in past 7 days
23.45.116.50,SG,2023-02-28 20:46:37.128303,Not Processed due to DUPLICATE in past 7 days
101.32.104.4,SG,2023-02-28 20:46:37.130273,Not Processed due to DUPLICATE in past 7 days
101.32.110.152,SG,2023-02-28 20:46:37.132268,Not Processed due to DUPLICATE in past 7 days
203.116.175.155,SG,2023-02-28 20:46:37.135288,Not Processed due to DUPLICATE in past 7 days
13.33.33.92,SG,2023-02-28 20:46:37.137265,Not Processed due to DUPLICATE in past 7 days
104.65.229.64,SG,2023-02-28 20:46:37.139254,Not Processed due to DUPLICATE in past 7 days
111.223.64.88,SG,2023-02-28 20:46:37.142242,Not Processed due to DUPLICATE in past 7 days
157.240.15.10,SG,2023-02-28 20:46:37.145233,Not Processed due to DUPLICATE in past 7 days
43.152.143.174,SG,2023-02-28 20:46:37.147253,Not Processed due to DUPLICATE in past 7 days
72.247.81.146,SG,2023-02-28 20:46:37.150247,Not Processed due to DUPLICATE in past 7 days
13.35.17.211,SG,2023-02-28 20:46:37.152240,Not Processed due to DUPLICATE in past 7 days
23.200.24.10,SG,2023-02-28 20:46:37.154236,Not Processed due to DUPLICATE in past 7 days
17.248.154.42,SG,2023-02-28 20:46:37.157227,Not Processed due to DUPLICATE in past 7 days
51.79.223.31,SG,2023-02-28 20:46:37.160234,Not Processed due to DUPLICATE in past 7 days
203.205.159.23,SG,2023-02-28 20:46:37.162188,Not Processed due to DUPLICATE in past 7 days
157.240.7.35,SG,2023-02-28 20:46:37.164185,Not Processed due to DUPLICATE in past 7 days
13.33.33.126,SG,2023-02-28 20:46:37.166178,Not Processed due to DUPLICATE in past 7 days
51.79.207.174,SG,2023-02-28 20:46:37.169169,Not Processed due to DUPLICATE in past 7 days
172.217.194.108,SG,2023-02-28 20:46:37.172161,Not Processed due to DUPLICATE in past 7 days
52.98.84.82,SG,2023-02-28 20:46:37.174158,Not Processed due to DUPLICATE in past 7 days
74.125.130.154,SG,2023-02-28 20:46:37.177616,Not Processed due to DUPLICATE in past 7 days
23.59.168.59,SG,2023-02-28 20:46:37.179763,Not Processed due to DUPLICATE in past 7 days
156.59.238.32,SG,2023-02-28 20:46:37.181683,Not Processed due to DUPLICATE in past 7 days
8.214.75.157,SG,2023-02-28 20:46:37.184130,Not Processed due to DUPLICATE in past 7 days
96.17.96.22,SG,2023-02-28 20:46:37.186124,Not Processed due to DUPLICATE in past 7 days
103.229.206.240,SG,2023-02-28 20:46:37.188119,Not Processed due to DUPLICATE in past 7 days
52.76.222.7,SG,2023-02-28 20:46:37.191133,Not Processed due to DUPLICATE in past 7 days
13.33.88.14,SG,2023-02-28 20:46:37.193587,Not Processed due to DUPLICATE in past 7 days
13.33.88.64,SG,2023-02-28 20:46:37.196011,Not Processed due to DUPLICATE in past 7 days
58.182.130.183,SG,2023-02-28 20:46:37.198116,Not Processed due to DUPLICATE in past 7 days
17.248.154.48,SG,2023-02-28 20:46:37.200087,Not Processed due to DUPLICATE in past 7 days
23.215.7.74,SG,2023-02-28 20:46:37.202081,Not Processed due to DUPLICATE in past 7 days
13.33.88.84,SG,2023-02-28 20:46:37.205130,Not Processed due to DUPLICATE in past 7 days
8.214.27.19,SG,2023-02-28 20:46:37.207101,Not Processed due to DUPLICATE in past 7 days
43.132.81.47,SG,2023-02-28 20:46:37.209701,Not Processed due to DUPLICATE in past 7 days
13.229.245.58,SG,2023-02-28 20:46:37.212211,Not Processed due to DUPLICATE in past 7 days
52.77.146.9,SG,2023-02-28 20:46:37.214323,Not Processed due to DUPLICATE in past 7 days
23.200.28.48,SG,2023-02-28 20:46:37.216306,Not Processed due to DUPLICATE in past 7 days
157.240.235.15,SG,2023-02-28 20:46:37.218039,Not Processed due to DUPLICATE in past 7 days
156.146.57.46,SG,2023-02-28 20:46:37.220520,Not Processed due to DUPLICATE in past 7 days
210.10.7.13,SG,2023-02-28 20:46:37.222611,Not Processed due to DUPLICATE in past 7 days
47.246.58.242,SG,2023-02-28 20:46:37.225038,Not Processed due to DUPLICATE in past 7 days
162.62.163.70,SG,2023-02-28 20:46:37.227039,Not Processed due to DUPLICATE in past 7 days
52.84.251.120,SG,2023-02-28 20:46:37.229089,Not Processed due to DUPLICATE in past 7 days
101.32.104.104,SG,2023-02-28 20:46:37.230031,Not Processed due to DUPLICATE in past 7 days
43.132.80.166,SG,2023-02-28 20:46:37.233634,Not Processed due to DUPLICATE in past 7 days
23.213.140.216,SG,2023-02-28 20:46:37.236988,Not Processed due to DUPLICATE in past 7 days
20.190.163.20,SG,2023-02-28 20:46:37.239286,Not Processed due to DUPLICATE in past 7 days
43.132.73.0,SG,2023-02-28 20:46:37.242665,Not Processed due to DUPLICATE in past 7 days
52.84.251.41,SG,2023-02-28 20:46:37.245716,Not Processed due to DUPLICATE in past 7 days
13.229.193.129,SG,2023-02-28 20:46:37.247994,Not Processed due to DUPLICATE in past 7 days
142.251.88.10,SG,2023-02-28 20:46:37.251335,Not Processed due to DUPLICATE in past 7 days
54.192.150.125,SG,2023-02-28 20:46:37.254505,Not Processed due to DUPLICATE in past 7 days
13.33.88.33,SG,2023-02-28 20:46:37.256936,Not Processed due to DUPLICATE in past 7 days
13.33.88.117,SG,2023-02-28 20:46:37.259991,Not Processed due to DUPLICATE in past 7 days
18.143.21.177,SG,2023-02-28 20:46:37.261922,Not Processed due to DUPLICATE in past 7 days
104.119.104.140,SG,2023-02-28 20:46:37.264913,Not Processed due to DUPLICATE in past 7 days
173.222.144.17,SG,2023-02-28 20:46:37.267493,Not Processed due to DUPLICATE in past 7 days
54.251.226.84,SG,2023-02-28 20:46:37.270705,Not Processed due to DUPLICATE in past 7 days
40.99.10.34,SG,2023-02-28 20:46:37.272892,Not Processed due to DUPLICATE in past 7 days
