domain,blocklist_addition_date
imbbk3238g.xyz,24/4/2023 20:25
imbbk323q.xyz,24/4/2023 20:25
imgg6625p.xyz,24/4/2023 20:25
imgg6629p.xyz,24/4/2023 20:25
imgg6633p.xyz,24/4/2023 20:25
imgg6666p.xyz,24/4/2023 20:25
imgg6679p.xyz,24/4/2023 20:25
lta-sg.shop,24/4/2023 20:25
product-assign.com,24/4/2023 20:25
sgpaydbs.life,24/4/2023 20:25
ubuymarketing.today,24/4/2023 20:25
simonshop.com,24/4/2023 20:25
squarefrescosolutions-aos.com,24/4/2023 20:25
duxapphome-furniture.com,24/4/2023 22:00
otyqhol.shop,25/4/2023 8:05
smart2copytrader.com,25/4/2023 8:05
tkcpropertykeyss.com,25/4/2023 8:05
hokaaushoes.com,25/4/2023 8:05
miravia-gn.com,25/4/2023 8:05
igt-sg.club,25/4/2023 8:51
kds-sg.club,25/4/2023 8:51
ocbctemasek.com,25/4/2023 10:14
sogoeatsp.com,25/4/2023 10:14
singpaorepolice.info,25/4/2023 10:14
385280a.com,25/4/2023 12:38
blackstonein.com,25/4/2023 12:38
fywwk2688.xyz,25/4/2023 12:38
kaneka.cc,25/4/2023 12:38
onemotoringd-lta.shop,25/4/2023 12:38
calkdr.org,25/4/2023 12:38
reservation75386.cloud,25/4/2023 12:38
sogoeatsp.net,25/4/2023 12:38
squarefrescosolutions-online.com,25/4/2023 12:38
straightnorthbase.com,25/4/2023 12:38
lta-sg.info,25/4/2023 12:38
lta-sg.life,25/4/2023 12:38
ajinomoto-sg-frozen-foods.sitey.me,25/4/2023 14:35
scatop.biz,25/4/2023 14:35
dbsbanksg.online,25/4/2023 14:35
ltuys.com,25/4/2023 14:35
paylahapps.life,25/4/2023 14:35
squarefrescosolutions.works,25/4/2023 14:35
vmi1286762.contaboserver.net,25/4/2023 14:35
wepaydcs.top,25/4/2023 14:35
ltgos.com,25/4/2023 15:29
sgpayapp.life,25/4/2023 15:29
gobooktable.world,25/4/2023 17:19
mountainhardwearsingapore.com,25/4/2023 17:19
sgpayapps.top,25/4/2023 17:19
dbsbanking.life,25/4/2023 20:18
duxhome-furniture.com,25/4/2023 20:18
onemotoring-lta-gov-sg.cc,25/4/2023 20:18
vivobarefootshoesg.com,25/4/2023 20:18
zaubao.com,25/4/2023 20:18
huobinut.com,25/4/2023 21:48
hxia5.vip,25/4/2023 21:48
singteio.top,25/4/2023 21:48
wunderfauks-enhance.com,25/4/2023 21:48
huobi-486.com,26/4/2023 9:27
shop.ee-fr.com,26/4/2023 9:27
lebton.info,26/4/2023 9:27
151869.com,26/4/2023 12:34
hachi-service.com,26/4/2023 12:34
imgg6699p.xyz,26/4/2023 12:34
verzdesign-pro.com,26/4/2023 12:34
verzdesign-pro.com,26/4/2023 12:34
deluxe-home-furniture.com,26/4/2023 13:47
furniture-homes.com,26/4/2023 13:47
furnitureappdeluxe.com,26/4/2023 13:47
cfresfurniture.com,26/4/2023 13:47
corpdbs.com,26/4/2023 13:47
djaipiby.com,26/4/2023 14:42
ebay-singapore.com,26/4/2023 14:42
fywwk2677.xyz,26/4/2023 14:42
imgg6612p.xyz,26/4/2023 14:42
imgg6618p.xyz,26/4/2023 14:42
obpublicity.com,26/4/2023 14:42
squarefrescosolutions-world.com,26/4/2023 14:42
straightnorthsubmit.com,26/4/2023 14:42
todomobile-aim.net,26/4/2023 17:42
wunderfauks.net,26/4/2023 17:42
applications-hachi.com,26/4/2023 17:42
dlions.info,26/4/2023 17:42
hachi-application.com,26/4/2023 17:42
hachi-application.com,26/4/2023 17:42
hachi-web.com,26/4/2023 17:42
hws-hachi.com,26/4/2023 17:42
ilo1x5.top,26/4/2023 17:42
inlk2e.top,26/4/2023 17:42
ocdigitalnetwork-advance.com,26/4/2023 17:42
ocdigitalnetwork-api.com,26/4/2023 17:42
ocdigitalnetwork-link.com,26/4/2023 17:42
ocdigitalnetwork-theresa.com,26/4/2023 17:42
ocdigitalnetwork-tiffany.com,26/4/2023 17:42
paylahapps.top,26/4/2023 17:42
pink1x.top,26/4/2023 17:42
toltroad-nz.top,26/4/2023 17:42
squarefrescosolutions-anita.com,26/4/2023 17:42
squarefrescosolutions-network.com,26/4/2023 17:42
squarefrescosolutions-ratings.com,26/4/2023 17:42
squarefrescosolutions-register.com,26/4/2023 17:42
squarefrescosolutions-solution.com,26/4/2023 17:42
wunderfauks-advance.com,26/4/2023 17:42
wunderfauks-analysis.com,26/4/2023 17:42
wunderfauks-audit.com,26/4/2023 17:42
wunderfauks-pro.com,26/4/2023 17:42
wunderfauks-reviews.com,26/4/2023 17:42
wunderfauks-reviews.com,26/4/2023 17:42
wunderfauks-reviews.com,26/4/2023 17:42
wunderfauks-survey.com,26/4/2023 17:42
m-daq.cc,26/4/2023 17:42
money-easilyyjv.buzz,26/4/2023 19:14
onemotoringk-lta.shop,26/4/2023 19:14
riot-games-sg.cc,26/4/2023 19:14
internet-ib-baking-sg.com,26/4/2023 20:16
lta-sgv.shop,26/4/2023 20:16
sgintle.top,26/4/2023 20:16
postrkl.shop,26/4/2023 20:16
iaondex.net,26/4/2023 21:51
aushopee.com,27/4/2023 9:02
chartercom-loong.pages.dev,27/4/2023 9:02
onemotoringr-lta.shop,27/4/2023 9:02
qdshopee.com,27/4/2023 9:02
singsg.online,27/4/2023 9:02
straightnorthfood.com,27/4/2023 9:02
wishbone-wdg.com,27/4/2023 9:02
wunderfauks-brands.com,27/4/2023 9:02
zrshopee.com,27/4/2023 9:02
cablepiano.com,27/4/2023 12:54
follow-girlsapp.com,27/4/2023 12:54
followapksite-welike.com,27/4/2023 12:54
furnituredulxe.com,27/4/2023 12:54
postconferm.com,27/4/2023 12:54
sg-lta.life,27/4/2023 12:54
sogepatos.com,27/4/2023 12:54
part-time.vip,27/4/2023 14:15
onemotoringsg-sg.shop,27/4/2023 14:15
onemotoringsg-sg.shop,27/4/2023 14:15
tmao723.xyz,27/4/2023 14:15
sgpay.life,27/4/2023 14:15
wepaylah.life,27/4/2023 14:15
beep-dla423sg2.shop,27/4/2023 15:57
beep-dla423sg2.shop,27/4/2023 15:57
adzooma-vn.com,27/4/2023 15:57
anymind-advance.com,27/4/2023 15:57
anymind-analysis.com,27/4/2023 15:57
anymind-audit.com,27/4/2023 15:57
anymind-enhance.com,27/4/2023 15:57
anymind-examines.com,27/4/2023 15:57
apptailors-uk.com,27/4/2023 15:57
bdsa-advance.com,27/4/2023 15:57
bdsa-enhance.com,27/4/2023 15:57
bdsa-network.com,27/4/2023 15:57
bdsa-overview.com,27/4/2023 15:57
bdsa-pro.com,27/4/2023 15:57
bdsa-work.com,27/4/2023 15:57
bdsaboostara.com,27/4/2023 15:57
bdsaboostava.com,27/4/2023 15:57
bdsaboosteve.com,27/4/2023 15:57
bdsabrandsere.com,27/4/2023 15:57
bdsastaff.com,27/4/2023 15:57
bdsastaffbase.com,27/4/2023 15:57
bdsastafflogin.com,27/4/2023 15:57
beep-dlq423sg1.shop,27/4/2023 15:57
beep-dlq423sg1.shop,27/4/2023 15:57
beep-dlz423sg3.shop,27/4/2023 15:57
cansnowflake.com,27/4/2023 15:57
clickbank-analysis.com,27/4/2023 15:57
creativeans-anita.com,27/4/2023 15:57
creativeans-examines.com,27/4/2023 15:57
dreamin-enhance.com,27/4/2023 15:57
ensono-uk.com,27/4/2023 15:57
espire-boots.com,27/4/2023 15:57
espire-enhance.com,27/4/2023 15:57
espire-reviews.com,27/4/2023 15:57
espire-senna.com,27/4/2023 15:57
espire-space.com,27/4/2023 15:57
espire-space.com,27/4/2023 15:57
espireexamines.com,27/4/2023 15:57
espireprogram.com,27/4/2023 15:57
ethereumsrm.com,27/4/2023 15:57
fusionex-advance.com,27/4/2023 15:57
gartner-aim.com,27/4/2023 15:57
hachi-advance.com,27/4/2023 15:57
hachi-aka.com,27/4/2023 15:57
hatchhouse-boots.com,27/4/2023 15:57
hatchhouse-enhance.com,27/4/2023 15:57
hk-algoscale-analysis.com,27/4/2023 15:57
hk-algoscale-analyze.com,27/4/2023 15:57
hk-algoscale-audit.com,27/4/2023 15:57
hk-algoscale-enhance.com,27/4/2023 15:57
hk-algoscale-examines.com,27/4/2023 15:57
hk-algoscale-program.com,27/4/2023 15:57
hk-algoscale-reviews.com,27/4/2023 15:57
hk-algoscale-revue.com,27/4/2023 15:57
hk-algoscale-senna.com,27/4/2023 15:57
hk-algoscale-software.com,27/4/2023 15:57
hk-algoscale-summaries.com,27/4/2023 15:57
in2brandete.com,27/4/2023 15:57
in2brandeue.com,27/4/2023 15:57
in2redworld.com,27/4/2023 15:57
infinum-boots.com,27/4/2023 15:57
infinum-business.com,27/4/2023 15:57
kryst-aim.com,27/4/2023 15:57
kryst-pre.com,27/4/2023 15:57
kryst-world.com,27/4/2023 15:57
luck-product.com,27/4/2023 15:57
mabangerp.site,27/4/2023 15:57
oasis-evolve.com,27/4/2023 15:57
ocdigitalnet-enhance.com,27/4/2023 15:57
ocdigitalnet-increase.com,27/4/2023 15:57
ocdigitalnetwork-action.com,27/4/2023 15:57
ocdigitalnetwork-analysis.com,27/4/2023 15:57
ocdigitalnetwork-business.com,27/4/2023 15:57
ocdigitalnetwork-develop.com,27/4/2023 15:57
ocdigitalnetwork-drive.com,27/4/2023 15:57
ocdigitalnetwork-leslie.com,27/4/2023 15:57
ocdigitalnetwork-overview.com,27/4/2023 15:57
ocdigitalnetwork-pro.com,27/4/2023 15:57
ocdigitalnetwork-reports.com,27/4/2023 15:57
ocdigitalnetwork-reputation.com,27/4/2023 15:57
ocdigitalnetwork-software.com,27/4/2023 15:57
ocdigitalnetwork-web.com,27/4/2023 15:57
onlinesearch-au.link,27/4/2023 15:57
project-good.com,27/4/2023 15:57
project-great.com,27/4/2023 15:57
replug-aim.com,27/4/2023 15:57
replug.online,27/4/2023 15:57
replugimprove.com,27/4/2023 15:57
replugwork.com,27/4/2023 15:57
roguedigita-aim.com,27/4/2023 15:57
sgpayment.top,27/4/2023 15:57
sharptech-nov.com,27/4/2023 15:57
sharptech-theresa.com,27/4/2023 15:57
sharptechbrandapa.com,27/4/2023 15:57
sharptechbrandata.com,27/4/2023 15:57
sharptechcompany-seo.com,27/4/2023 15:57
sharptechcompany-work.com,27/4/2023 15:57
snowflake-pro.com,27/4/2023 15:57
snowflakecan-revue.com,27/4/2023 15:57
squarefrescosolutions-aim.com,27/4/2023 15:57
squarefrescosolutions-andy.com,27/4/2023 15:57
squarefrescosolutions-api.com,27/4/2023 15:57
squarefrescosolutions-assign.com,27/4/2023 15:57
squarefrescosolutions-audit.com,27/4/2023 15:57
squarefrescosolutions-create.com,27/4/2023 15:57
squarefrescosolutions-investigation.com,27/4/2023 15:57
squarefrescosolutions-logical.com,27/4/2023 15:57
squarefrescosolutions-nice.com,27/4/2023 15:57
squarefrescosolutions-platform.com,27/4/2023 15:57
squarefrescosolutions-technical.com,27/4/2023 15:57
squarefrescosolutions-tiffany.com,27/4/2023 15:57
squarefrescosolutions-training.com,27/4/2023 15:57
squarefrescosolutions-work.com,27/4/2023 15:57
squarefrescosolutions-workbench.com,27/4/2023 15:57
swilkenplus.com,27/4/2023 15:57
verzdesign-seo.com,27/4/2023 15:57
verzdesign-seo.com,27/4/2023 15:57
wishbone-connect.com,27/4/2023 15:57
wishbone-development.com,27/4/2023 15:57
wishbone-evaluate.com,27/4/2023 15:57
wishbone-evaluation.com,27/4/2023 15:57
wishbone-marketing.com,27/4/2023 15:57
wishbone-optimizing.com,27/4/2023 15:57
wonderful-idea.com,27/4/2023 15:57
yotpo-api.com,27/4/2023 15:57
yotpo-ppc.com,27/4/2023 15:57
2brave-analyse.com,27/4/2023 17:23
appbooster-aim.com,27/4/2023 17:23
appbooster-aka.com,27/4/2023 17:23
appdevelopmentagency-network.com,27/4/2023 17:23
appdevelopmentagency-pro.com,27/4/2023 17:23
appdevelopmentportal-world.com,27/4/2023 17:23
apptimizer-boots.com,27/4/2023 17:23
aprelevate.com,27/4/2023 17:23
aprgrow.com,27/4/2023 17:23
can-concretio-work.com,27/4/2023 17:23
clavax-aim.com,27/4/2023 17:23
clavax-analysis.com,27/4/2023 17:23
creativeans-advance.com,27/4/2023 17:23
creativeans-audit.com,27/4/2023 17:23
creativeans-enhance.com,27/4/2023 17:23
creativeans-platform.com,27/4/2023 17:23
creativeans-ranks.com,27/4/2023 17:23
creativeans-scale.com,27/4/2023 17:23
creativeans-theresa.com,27/4/2023 17:23
creativeans-tiffany.com,27/4/2023 17:23
crowth-elevate.com,27/4/2023 17:23
crowth-examines.com,27/4/2023 17:23
ddkyyq.com,27/4/2023 17:23
designli-audit.com,27/4/2023 17:23
digivate-advance.com,27/4/2023 17:23
digivate-aim.com,27/4/2023 17:23
empiredigital-rate.com,27/4/2023 17:23
ensono-analysis.com,27/4/2023 17:23
espire-boost.com,27/4/2023 17:23
favoured-reviews.com,27/4/2023 17:23
favouredhk-reports.com,27/4/2023 17:23
forecepts-analysis.com,27/4/2023 17:23
forecepts-analysis.com,27/4/2023 17:23
forecepts-reviews.com,27/4/2023 17:23
gambix-revue.com,27/4/2023 17:23
good-glassbox.com,27/4/2023 17:23
good-steelkiwi.com,27/4/2023 17:23
growwwise-boots.com,27/4/2023 17:23
growwwise-pro.com,27/4/2023 17:23
hk-algoscale-advance.com,27/4/2023 17:23
hk-algoscale-reports.com,27/4/2023 17:23
idea-wonderful.com,27/4/2023 17:23
immuta-please.com,27/4/2023 17:23
immuta-xplus.com,27/4/2023 17:23
infinium-boots.com,27/4/2023 17:23
innomedia-ancient.com,27/4/2023 17:23
innomedia-audit.com,27/4/2023 17:23
kgs-aisi.com,27/4/2023 17:23
kgs-atb.com,27/4/2023 17:23
kgs-doc.com,27/4/2023 17:23
kgsboxpro.com,27/4/2023 17:23
markupascale.com,27/4/2023 17:23
matillion-analysis.com,27/4/2023 17:23
metamins-elevate.com,27/4/2023 17:23
moontechnolabs-aka.com,27/4/2023 17:23
mowebnew-drive.com,27/4/2023 17:23
netsells-elevate.com,27/4/2023 17:23
nexconz-reports.com,27/4/2023 17:23
nexconz-reports.com,27/4/2023 17:23
nfh6wgvd.com,27/4/2023 17:23
nordstrom-pro.com,27/4/2023 17:23
onalytica-luck.com,27/4/2023 17:23
onlinefavoured.com,27/4/2023 17:23
osan-abc.com,27/4/2023 17:23
osan-pro.com,27/4/2023 17:23
osan-seo.com,27/4/2023 17:23
payapp.life,27/4/2023 17:23
payapps.top,27/4/2023 17:23
popperasia-luck.com,27/4/2023 17:23
popperasia-project.com,27/4/2023 17:23
popperasia-work.com,27/4/2023 17:23
ppadvance.com,27/4/2023 17:23
pro-skk.com,27/4/2023 17:23
ptolemay-program.com,27/4/2023 17:23
t-apptitude.com,27/4/2023 17:23
thetool-aim.com,27/4/2023 17:23
uk-rostmedia-pro.com,27/4/2023 17:23
upwave-boots.com,27/4/2023 17:23
vmobify-great.com,27/4/2023 17:23
vmobify-nov.com,27/4/2023 17:23
whalesventures-aim.com,27/4/2023 17:23
works-steelkiwi.com,27/4/2023 17:23
xrrhfwp.com,27/4/2023 17:23
2brave-pre.com,27/4/2023 18:42
admin-ytqd.net,27/4/2023 18:42
agileworks-aim.com,27/4/2023 18:42
agmis-examines.com,27/4/2023 18:42
appetiser-scale.com,27/4/2023 18:42
applovin-aim.com,27/4/2023 18:42
applovinsparklab.com,27/4/2023 18:42
appodealstack-aim.com,27/4/2023 18:42
appsamurai-aim.com,27/4/2023 18:42
apptimizerboost.com,27/4/2023 18:42
apptrailors-aim.com,27/4/2023 18:42
asrappcation.com,27/4/2023 18:42
assesion.com,27/4/2023 18:42
bazaarvoice-aus.com,27/4/2023 18:42
bravebison-aim.com,27/4/2023 18:42
cabotsolutions-hk.com,27/4/2023 18:42
cabotsolutions-pro.com,27/4/2023 18:42
cake-aim.com,27/4/2023 18:42
ciklum-aim.com,27/4/2023 18:42
clutch-aim.com,27/4/2023 18:42
cutwater-aim.com,27/4/2023 18:42
datastax-audit.com,27/4/2023 18:42
dicksmith-aim.com,27/4/2023 18:42
epicwebtechno-aim.com,27/4/2023 18:42
forecepts-program.com,27/4/2023 18:42
gooddata-aim.com,27/4/2023 18:42
i-concept-aim.com,27/4/2023 18:42
impossible-aim.com,27/4/2023 18:42
in2brandere.com,27/4/2023 18:42
in2brandere.com,27/4/2023 18:42
innomedia-examines.com,27/4/2023 18:42
invest-global.net,27/4/2023 18:42
ipixel-apps.com,27/4/2023 18:42
kayzen-aim.com,27/4/2023 18:42
kayzen-can.com,27/4/2023 18:42
kyanon-aim.com,27/4/2023 18:42
matillion-enhance.com,27/4/2023 18:42
mediaonemarketing-aim.com,27/4/2023 18:42
mo2o-aim.com,27/4/2023 18:42
mobileappfactory-aim.com,27/4/2023 18:42
mobilethetool.com,27/4/2023 18:42
netscapeindia-aim.com,27/4/2023 18:42
notchstudio-aim.com,27/4/2023 18:42
onalytica-audit.com,27/4/2023 18:42
onalyticaka.com,27/4/2023 18:42
ppanalyze.com,27/4/2023 18:42
ppenhance.com,27/4/2023 18:42
pre-skk.com,27/4/2023 18:42
precis-aim.com,27/4/2023 18:42
priceline-software.com,27/4/2023 18:42
pro-glassbox.com,27/4/2023 18:42
qurate2-uk.com,27/4/2023 18:42
rootstrapau-aka.com,27/4/2023 18:42
rplg.work,27/4/2023 18:42
rplgimprove.com,27/4/2023 18:42
shopini-aim.com,27/4/2023 18:42
softwareag-aim.com,27/4/2023 18:42
speire-aim.com,27/4/2023 18:42
steelkiwi-elevate.com,27/4/2023 18:42
superminted-aim.com,27/4/2023 18:42
todomobile-aim.com,27/4/2023 18:42
todomobile-examines.com,27/4/2023 18:42
topnotch-examines.com,27/4/2023 18:42
topnotchdezignshk-aim.com,27/4/2023 18:42
uk-empiredigital-aka.com,27/4/2023 18:42
uk-fieldvip1.com,27/4/2023 18:42
uk-noodle.com,27/4/2023 18:42
uk-reloaddigital.com,27/4/2023 18:42
uk-youwe-pro.com,27/4/2023 18:42
very-glassbox.com,27/4/2023 18:42
veryskg.com,27/4/2023 18:42
vn-overthetopseo.com,27/4/2023 18:42
vn-virtusa.com,27/4/2023 18:42
w360-aim.com,27/4/2023 18:42
wishbone-aim.com,27/4/2023 18:42
wishbone-optimization.com,27/4/2023 18:42
wishbone-senna.com,27/4/2023 18:42
world-upwave.com,27/4/2023 18:42
wpromote-aim.com,27/4/2023 18:42
wunderfauks-platform.com,27/4/2023 18:42
wundermanthompson-ini.com,27/4/2023 18:42
wundermanthompson-pre.com,27/4/2023 18:42
wundermanthompson-pro.com,27/4/2023 18:42
zappz-aim.com,27/4/2023 18:42
dbsa.live,27/4/2023 19:34
sogepatos.net,27/4/2023 19:34
internet-baking-ibsg.com,27/4/2023 21:48
internet-ib-baking.com,27/4/2023 21:48
u-purchase.com,27/4/2023 21:48
wunderfauks-sg.com,27/4/2023 21:48
carousell-webpay.web.app,28/4/2023 8:55
fywwk26633.xyz,28/4/2023 8:55
imgg6635p.xyz,28/4/2023 8:55
imgg667p.xyz,28/4/2023 8:55
in2ideas-reviews.com,28/4/2023 8:55
okrcxhose98.com,28/4/2023 8:55
onshopee.com,28/4/2023 8:55
riot-games-sg.vip,28/4/2023 8:55
squarefrescosolutions-works.works,28/4/2023 8:55
topchooseapp.com,28/4/2023 8:55
verzdesign-audit.com,28/4/2023 8:55
xuanfeicolf.com,28/4/2023 8:55
2brave-scale.com,28/4/2023 13:05
cabotsolutions-hk.net,28/4/2023 13:05
uk-innovaccer.net,28/4/2023 13:05
xiushops.com,28/4/2023 13:05
bos-cms.cloudzz.org,28/4/2023 13:05
ehano.top,28/4/2023 13:05
fhgdhr.com,28/4/2023 13:05
fywwk26655.xyz,28/4/2023 13:05
impact-vo.com,28/4/2023 13:05
kw9js71s.cn,28/4/2023 13:05
redcoin.app,28/4/2023 13:05
squarefrescosolutions-seo.com,28/4/2023 13:05
squarefrescosolutions-website.com,28/4/2023 13:05
straightnorthdrink.com,28/4/2023 13:05
upwavescale.com,28/4/2023 13:05
wefil-okredr-shers.com,28/4/2023 13:05
wishbone-home.com,28/4/2023 13:05
dbssafety.icu,28/4/2023 15:42
dbswallet.live,28/4/2023 15:42
dbso.info,28/4/2023 15:42
dbsinfo.top,28/4/2023 15:42
dbswallet.info,28/4/2023 15:42
dbsa.pw,28/4/2023 15:42
dbsinfo.one,28/4/2023 15:42
dbswallet.club,28/4/2023 15:42
talentgrps.com,28/4/2023 15:42
mallfurniture-app.com,28/4/2023 15:42
theclub8-hk.shop,28/4/2023 15:42
theclubo-hk.shop,28/4/2023 15:42
onemotoringe-sg.shop,28/4/2023 15:42
poste-us.shop,28/4/2023 15:42
dbssafety.top,28/4/2023 15:42
beep-7atn2zsg2.shop,28/4/2023 17:11
beep-7hdozsg1.shop,28/4/2023 17:11
beep-k5fmpsg3.shop,28/4/2023 17:11
dbssafety.info,28/4/2023 17:11
dbssafety.one,28/4/2023 17:11
dbswallet.one,28/4/2023 17:11
independentrealestatesg.com,28/4/2023 21:10
nexusinsuranceasiapte.com,28/4/2023 21:10
mabangerp.xyz,28/4/2023 21:10
yyerew.cyou,28/4/2023 21:10
baking-internet-ibb.com,28/4/2023 21:41
baking-internet-sgib.com,28/4/2023 21:41
caterpillarsg.com,29/4/2023 8:09
searchdiscs.com,29/4/2023 8:09
hachi-technical.com,29/4/2023 8:09
ioshopee.com,29/4/2023 8:09
onemotoring-lta-govet-sg.xyz,29/4/2023 8:09
onemotoring-sg.xyz,29/4/2023 8:09
onemotoringk-sg.shop,29/4/2023 8:09
promotioninternetage.com,29/4/2023 8:09
doex.digital,29/4/2023 12:12
dbswallet.top,29/4/2023 12:12
bumeqii1.info,29/4/2023 14:58
dbsbank.me,29/4/2023 14:58
e2mall-shopapp.com,29/4/2023 14:58
fycbsdgdb.com,29/4/2023 14:58
nzto.xyz,29/4/2023 14:58
nz-toleroad.xyz,29/4/2023 14:58
qogaxii4.info,29/4/2023 14:58
sekebyy5.info,29/4/2023 14:58
sgeasywealth.org,29/4/2023 14:58
fywwk6622.xyz,29/4/2023 16:10
fywwk6633.xyz,29/4/2023 16:10
uspsling.xyz,29/4/2023 16:10
gcppsg23.com,29/4/2023 16:10
fywwk6615.xyz,29/4/2023 16:39
paylahbank.life,29/4/2023 16:39
appsg.life,29/4/2023 17:05
appsg.top,29/4/2023 17:05
gotpaylah.top,29/4/2023 17:05
paylahbank.top,29/4/2023 17:05
paymentsdbs.top,29/4/2023 17:05
sgbanking.life,29/4/2023 17:05
sgbanking.top,29/4/2023 17:05
internet-baking-ib-singpr.com,29/4/2023 20:39
internet-baking-ib-singpur.com,29/4/2023 20:39
huobi-566.com,29/4/2023 21:39
chartercom-dghd.pages.dev,30/4/2023 9:28
mabangerp.cloud,30/4/2023 9:28
mabangerp.top,30/4/2023 9:28
chartercom-singapore-assce.pages.dev,30/4/2023 9:28
zappz-ranks.com,30/4/2023 9:28
mallapp-furniture.com,30/4/2023 9:28
letsgodiet.click,30/4/2023 14:09
telegraf.cc,30/4/2023 14:09
telegramapps.top,30/4/2023 14:09
telegramapps.xyz,30/4/2023 14:09
teiegam.com,30/4/2023 14:09
telegnan.com,30/4/2023 14:09
telegram-orgc.net,30/4/2023 14:09
telegramapps.cc,30/4/2023 14:09
telegramapps.org,30/4/2023 14:09
teiegarn.com,30/4/2023 14:09
telegnarn.com,30/4/2023 14:09
telegram-org.bar,30/4/2023 14:09
telegraf.icu,30/4/2023 14:09
telegraf.top,30/4/2023 14:09
popperasia-reviews.com,30/4/2023 14:09
sharptechcompany-enhance.com,30/4/2023 14:09
goeateasy.com,30/4/2023 14:09
beepmall.shop,30/4/2023 14:09
startupsomething.net,30/4/2023 14:09
tkmlik.info,30/4/2023 14:09
zappz-software.com,30/4/2023 17:09
pincircletech.com,30/4/2023 17:09
b96495i6.beget.tech,30/4/2023 17:09
onemotoring-lta-govet.xyz,30/4/2023 17:09
internetbaking-ibsg.com,30/4/2023 20:13
dmlallv.top,30/4/2023 20:13
internetbaking-ib-sg.com,30/4/2023 21:32
newmall-furnitureshop.com,30/4/2023 21:32
gofuniture-shopmall.com,30/4/2023 21:32
dhllimited.com,1/5/2023 8:44
dropship-shopee.vip,1/5/2023 8:44
e-lazada.com,1/5/2023 8:44
sgp-creativeans-aka.com,1/5/2023 8:44
tiktokshoppingcenter.net,1/5/2023 8:44
tiktokshopvip.net,1/5/2023 8:44
tiktoktoshop.net,1/5/2023 8:44
wunderfauks-develop.com,1/5/2023 8:44
2brave-elevate.com,1/5/2023 13:02
appspage-hachi.com,1/5/2023 13:02
blueshift-datatraffic.com,1/5/2023 13:02
blueshift-traffic.com,1/5/2023 13:02
can-appmaisters.com,1/5/2023 13:02
can-seoprofy.com,1/5/2023 13:02
dreamin-pro.com,1/5/2023 13:02
dreamin-work.com,1/5/2023 13:02
nimbleintel.com,1/5/2023 13:02
reprise-audit.com,1/5/2023 13:02
reprise-uk.com,1/5/2023 13:02
rostmedia-senna.com,1/5/2023 13:02
squarefrescosolutions-sys.com,1/5/2023 13:02
steelkiwi-workbench.com,1/5/2023 13:02
dt35846.com,1/5/2023 17:19
berry-mall.com,1/5/2023 17:19
xxmtkm.info,1/5/2023 17:19
internetbakingib.com,1/5/2023 19:23
internetbaking-ib.com,1/5/2023 19:23
onemotorinegltagov-sg.cc,1/5/2023 19:23
dofuniture-htmall.com,1/5/2023 20:58
internet-bakingib.com,1/5/2023 20:58
eufmyio.shop,1/5/2023 21:55
swilkenup.com,1/5/2023 21:55
wunderfauks-senna.com,1/5/2023 21:55
wunderfauks-signin.com,1/5/2023 21:55
beepstore51dl.shop,2/5/2023 8:25
nztagoventnz.xyz,2/5/2023 8:25
reschedule-track.com,2/5/2023 8:25
sgefirniture-hterkap.com,2/5/2023 8:25
sgfurniture-dosapen.com,2/5/2023 8:25
sgeshop-2mallapp.com,2/5/2023 8:25
aupostc.xyz,2/5/2023 11:01
chartercom-singapore-project.pages.dev,2/5/2023 11:01
dktunvslkjslgj.com,2/5/2023 11:01
nzta-govat-nz.xyz,2/5/2023 11:01
nztagovntnz.xyz,2/5/2023 11:01
p-dro.bio,2/5/2023 11:01
mabangerp.plus,2/5/2023 11:01
beepmall.app,2/5/2023 11:49
nztagovsetnz.xyz,2/5/2023 11:49
bvhkrtgxjcv.com,2/5/2023 15:06
biishun.shop,2/5/2023 15:06
cftgyfdhndt.com,2/5/2023 15:06
cryptoin-trade.com,2/5/2023 15:06
dgtsdnvsdhgws.com,2/5/2023 15:06
espire-home.com,2/5/2023 15:06
fy31bb2392.shop,2/5/2023 15:06
fywwk26666.xyz,2/5/2023 15:06
imgg1228t.xyz,2/5/2023 15:06
imgg1265t.xyz,2/5/2023 15:06
imgg1278t.xyz,2/5/2023 15:06
in2ideas-enhance.com,2/5/2023 15:06
krakenbq.cc,2/5/2023 15:06
sawe1q.web.app,2/5/2023 15:06
shop-e2mallapp.com,2/5/2023 15:06
skyonetrades.com,2/5/2023 15:06
snreviews.com,2/5/2023 15:06
verzdesign-work.com,2/5/2023 15:06
vmi1292370.contaboserver.net,2/5/2023 15:06
forfurniture-downapp.com,2/5/2023 15:06
notchstudio-online.com,2/5/2023 15:06
zappz-program.com,2/5/2023 15:06
dcsapp.life,2/5/2023 15:57
sg-app.top,2/5/2023 15:57
sgapp.top,2/5/2023 15:57
dcspay.life,2/5/2023 17:41
sg-internet-bakingg.com,2/5/2023 20:00
thesgpaylah.top,2/5/2023 20:00
sg-internet-baking.com,2/5/2023 20:00
elephexov.com,2/5/2023 20:00
qqcjqff1012.xyz,2/5/2023 20:00
ztajhi.cn,2/5/2023 20:00
qqcjqxz1023.xyz,2/5/2023 20:00
thesgpaylah.life,2/5/2023 20:00
apps-g.top,3/5/2023 8:18
afeb2bea.com,3/5/2023 8:18
drefurni-sgdwxap.com,3/5/2023 8:18
fredperrysalesingapore.com,3/5/2023 8:18
impact-eu.com,3/5/2023 8:18
dbshk.cc,3/5/2023 10:51
sg-internet-bakiing.com,3/5/2023 10:51
coinupty.co,3/5/2023 14:41
forecepts-project.com,3/5/2023 14:41
imgg1233t.xyz,3/5/2023 14:41
ksldhglslsdjg.com,3/5/2023 14:41
unrivaledinsight.com,3/5/2023 14:41
42matters-app.com,3/5/2023 14:41
impact-bv.com,3/5/2023 14:41
mabangerp.club,3/5/2023 14:41
ephvv.top,3/5/2023 17:27
sdkjggjnvsltujks.com,3/5/2023 17:27
bankingpay.top,3/5/2023 17:27
sg-internetbaking.com,3/5/2023 19:51
7ut37gb.buzz,3/5/2023 19:51
sg-internetbaking-ib.com,3/5/2023 20:57
telegram.soy,3/5/2023 20:57
sportivasingapore.com,3/5/2023 20:57
horizon-cash.com,3/5/2023 21:59
sg-internetbakingib.com,3/5/2023 21:59
dbso.me,4/5/2023 8:30
fy31bb3512.xyz,4/5/2023 8:30
imgg1239r.xyz,4/5/2023 8:30
fy31bb5252.xyz,4/5/2023 8:30
fy31bb2392.xyz,4/5/2023 8:30
fy31bb2152.xyz,4/5/2023 8:30
fy31bb2w66.xyz,4/5/2023 8:30
sendo-market.homes,4/5/2023 8:30
fy31bb2w31.xyz,4/5/2023 8:30
fy31bb2388.xyz,4/5/2023 8:30
fy31bb2w12.xyz,4/5/2023 8:30
sfurintgd-srmdht.com,4/5/2023 8:30
package-singpost-sg.com,4/5/2023 8:30
dl03-beepapp.live,4/5/2023 8:30
govserver.top,4/5/2023 8:30
cryptoinex.com,4/5/2023 11:33
onemotorinegltagov-sg.xyz,4/5/2023 11:33
pay-lah-1.top,4/5/2023 14:05
paidlahone.top,4/5/2023 14:05
exerceo.site,4/5/2023 14:05
in2stafflog.com,4/5/2023 14:05
verzdesign-senna.com,4/5/2023 14:05
gl-tg6668.xyz,4/5/2023 14:05
impact.qc.com,4/5/2023 14:05
sdkltuisdjfsldtj.com,4/5/2023 14:05
infx1.xyz,4/5/2023 14:05
paylah1.life,4/5/2023 16:12
paylahone.life,4/5/2023 16:12
gopaylah.life,4/5/2023 16:12
2paylah.life,4/5/2023 17:11
2paylah.top,4/5/2023 17:11
gopaylah.top,4/5/2023 17:11
pay-lah-2.top,4/5/2023 17:11
paylah-2.life,4/5/2023 17:11
angrybacara.shop,4/5/2023 19:24
paylahone.top,4/5/2023 19:24
paylahtwo.life,4/5/2023 19:24
piroxicamfeldene.com,4/5/2023 19:24
remotemall-dl01.info,4/5/2023 19:24
lalall.top,4/5/2023 19:24
te86513.com,4/5/2023 19:24
cryptokeppel.com,4/5/2023 21:56
fuernse-htshomk.work,4/5/2023 21:56
mrevl.top,4/5/2023 21:56
pacificinternationallines.site,4/5/2023 21:56
miutyy.top,4/5/2023 21:56
straitstimes-hot.com,4/5/2023 21:56
thestraitstimes-go.com,4/5/2023 21:56
thestraitstimes-live.com,4/5/2023 21:56
ftxasx.com,4/5/2023 21:56
astrferdgaesfcwfcsg.com,5/5/2023 8:12
e2mall.world,5/5/2023 8:12
futhtshpo-goepn.com,5/5/2023 8:12
huobi-568.top,5/5/2023 8:12
rsfewtgsdcfwdegtd.com,5/5/2023 8:12
sg1dl12-worldstore.shop,5/5/2023 8:12
snperform.com,5/5/2023 8:12
231935.com,5/5/2023 12:03
bitsoft360.cash,5/5/2023 12:03
brosch-dowaper.com,5/5/2023 12:03
espire-network.com,5/5/2023 12:03
fy31bb2w88.xyz,5/5/2023 12:03
genix-market.bio,5/5/2023 12:03
in2ideasboostere.com,5/5/2023 12:03
jpmorgan.vip,5/5/2023 12:03
pe-dro.beauty,5/5/2023 12:03
redir-moni-tor.xyz,5/5/2023 12:03
squarefrescosolutions-eddie.com,5/5/2023 12:03
gcppasia2023.com,5/5/2023 12:03
au-nexcess-aka.com,5/5/2023 14:13
gariu6q.web.app,5/5/2023 14:13
pay-lah-3.top,5/5/2023 14:13
restparoleties.com,5/5/2023 14:13
upptic-uk.com,5/5/2023 14:13
whalesventures-reviews.com,5/5/2023 14:13
wunderfauks-loginforuser.com,5/5/2023 14:13
z1digital-aim.com,5/5/2023 14:13
apptimizer-analysis.com,5/5/2023 15:18
arc-light.us,5/5/2023 15:18
chartercom-sglool.pages.dev,5/5/2023 15:18
exbolt-mart.life,5/5/2023 15:18
hachi-senna.com,5/5/2023 15:18
in2ideas-faye.com,5/5/2023 15:18
in2ideasstaff.com,5/5/2023 15:18
nexconz-home.com,5/5/2023 15:18
notchstudio-apps.com,5/5/2023 15:18
nxnfnewkd.world,5/5/2023 15:18
paidlah3.life,5/5/2023 15:18
pay-lah3.top,5/5/2023 15:18
paylah3.top,5/5/2023 15:18
puzzlehive-reviews.com,5/5/2023 15:18
shopclues-marketing.bio,5/5/2023 15:18
square-e.homes,5/5/2023 15:18
ttkclick.com,5/5/2023 15:18
wishbone-great.com,5/5/2023 15:18
amplitude-scale.com,5/5/2023 17:38
appbooster-reviews.com,5/5/2023 17:38
au-simpalm.com,5/5/2023 17:38
bdsa-api.com,5/5/2023 17:38
bdsabrandsueu.com,5/5/2023 17:38
bitsoft360.ws,5/5/2023 17:38
chartercom-sgsafe.pages.dev,5/5/2023 17:38
holoptychian.xyz,5/5/2023 17:38
id-moontechnolabs.com,5/5/2023 17:38
ib-internetbakings.com,5/5/2023 17:38
onalytica-logical.com,5/5/2023 17:38
ib-internetbaking.com,5/5/2023 17:38
smalls.fun,5/5/2023 17:38
uk-leoburnett.com,5/5/2023 17:38
mabangerm.cc,5/5/2023 17:38
xzmzd.com,5/5/2023 17:38
3paylah.life,5/5/2023 19:35
espire-api.com,5/5/2023 19:35
hachi-analytic.com,5/5/2023 19:35
hachi-hs.com,5/5/2023 19:35
hachi-program.com,5/5/2023 19:35
hachi-ws.com,5/5/2023 19:35
in2brandeoe.com,5/5/2023 19:35
in2ideas-audit.com,5/5/2023 19:35
in2ideas-work.com,5/5/2023 19:35
in2stafflogin.com,5/5/2023 19:35
paylahthree.top,5/5/2023 19:35
sfurgtuer-dosncm.com,5/5/2023 19:35
squarefrescosolutions-grow.com,5/5/2023 19:35
squarefrescosolutions-office.com,5/5/2023 19:35
squarefrescosolutions-optimal.com,5/5/2023 19:35
squarefrescosolutions-ranks.com,5/5/2023 19:35
squarefrescosolutions-session.com,5/5/2023 19:35
squarefrescosolutions-works.com,5/5/2023 19:35
wunderfauks-analyze.com,5/5/2023 19:35
wunderfauks-awareness.com,5/5/2023 19:35
wunderfauks-market.com,5/5/2023 19:35
wunderfauks-publicity.com,5/5/2023 19:35
wunderfauks-staff.com,5/5/2023 19:35
wunderfauks-value.com,5/5/2023 19:35
wunderfauksenhance.com,5/5/2023 19:35
au-appetiser.net,5/5/2023 21:50
au-litslink.net,5/5/2023 21:50
au-rootstrap.net,5/5/2023 21:50
hk-glassbox.net,5/5/2023 21:50
ie-hatchhouse.net,5/5/2023 21:50
ie-netpeak.net,5/5/2023 21:50
infinium-app.net,5/5/2023 21:50
sgp-creativeans.net,5/5/2023 21:50
uk-steelkiwi.net,5/5/2023 21:50
uk-wakeapp.net,5/5/2023 21:50
apmedia-aim.com,5/5/2023 21:50
asda-boost.com,5/5/2023 21:50
au-netsells.com,5/5/2023 21:50
bdsa-audit.com,5/5/2023 21:50
can-datawords.com,5/5/2023 21:50
chimera-aim.com,5/5/2023 21:50
codigo-ranks.com,5/5/2023 21:50
creativeans-senna.com,5/5/2023 21:50
creativeraceuk-pro.com,5/5/2023 21:50
delitierco-aim.com,5/5/2023 21:50
dgmindorg.com,5/5/2023 21:50
diabrands-aim.com,5/5/2023 21:50
dockerssingapore.com,5/5/2023 21:50
dreamin-aka.com,5/5/2023 21:50
efficient-ecommerce-softs.com,5/5/2023 21:50
espire-sys.com,5/5/2023 21:50
espire-work.com,5/5/2023 21:50
flippadvertising-boost.com,5/5/2023 21:50
flippadvertising-creative.com,5/5/2023 21:50
flippadvertising-driven.com,5/5/2023 21:50
geekflare-aim.com,5/5/2023 21:50
weshop688.vip,5/5/2023 21:50
id-onbuy.com,5/5/2023 21:50
in2brandeae.com,5/5/2023 21:50
lime-agency-aim.com,5/5/2023 21:50
matillion-uk.com,5/5/2023 21:50
onbuy-int.com,5/5/2023 21:50
paylah3.life,5/5/2023 21:50
paylahthree.life,5/5/2023 21:50
popperasia-overview.com,5/5/2023 21:50
protocol-aim.com,5/5/2023 21:50
puzzlehive-aim.com,5/5/2023 21:50
sgkrevue.com,5/5/2023 21:50
sharptech-logical.com,5/5/2023 21:50
sharptechcompany-api.com,5/5/2023 21:50
sharptechcompany-senna.com,5/5/2023 21:50
sidebench-ranks.com,5/5/2023 21:50
techup-aim.com,5/5/2023 21:50
topnotchdezignshk-ranks.com,5/5/2023 21:50
uk-amplitude-aka.com,5/5/2023 21:50
uk-ebusiness.com,5/5/2023 21:50
uk-field.com,5/5/2023 21:50
uk-softacom.com,5/5/2023 21:50
ust-aim.com,5/5/2023 21:50
verzdesign-analysis.com,5/5/2023 21:50
webdesigners-elevate.com,5/5/2023 21:50
webo-senna.com,5/5/2023 21:50
wishbone-evolve.com,5/5/2023 21:50
wishbone-reviews.com,5/5/2023 21:50
wordbank-summary.com,5/5/2023 21:50
workbench-steelkiwi.com,5/5/2023 21:50
