domain,report_source
1688ypo.com,PID
1688ypu.com,PID
ae.1688oka.com,PID
kf.1688ypi.com,PID
pbfa.info,PID
investmentsectornews.com,PID
app.qianff3.xyz,PID
app.qianxz4.xyz,PID
brelafinancial.com,PID
cryptosg001.com,PID
daily-offer.info,PID
singpost.form1775.cloud,PID
t1wonder.com,PID
bitmex87.com,PID
factset.work,PID
factset.works,PID
h5.bitbyhk.com,PID
www.btcturk-vip.com,PID
ascendex-defitransactions.com,PID
ebay111.xyz,PID
hpo.fyk-bbqt6699.xyz,PID
singpost.diaform.shop,PID
www.powersbi.com,PID
1stmall-app.top,PID
claudetites.com,PID
singpost.form1275.cloud,PID
www.mercatoxin.com,PID
onlineunionbankingph.com,PID
promo.1stmall-sg.shop,PID
ec-wp-stg.mngm.com,PID
ethereumuma.com,PID
ggg.glw-wpxx1233w.xyz,PID
www.albbyhq84.xyz,PID
www.factset-jobs.com,PID
xsdcew5.com,PID
akstech-analysis.com,PID
bch8985.com,PID
getyourguide-system.com,PID
ggg.glw-wpxx1233w.online,PID
ggg.glw-wpxx1998w.xyz,PID
ggg.glw-wpxx199w.online,PID
ggg.glw-wpxx9999w.online,PID
novusduzl52.top,PID
guocoop-p.com,PID
impact-kx.com,PID
ramtkh.top,PID
xshopee.cn,PID
smartone7.cc,PID
955555.vip,PID
aa-9fu.com,PID
bnzupdateaccess.com,PID
databricks-elevate.com,PID
firebelly-senna.com,PID
geeklab-roots.com,PID
instaclustr-elevate.com,PID
instrument-reviews.com,PID
kraken168.top,PID
ocbc.vip,PID
puzzlehive-boost.com,PID
sigma-elevate.com,PID
simpalm-softs.com,PID
sinesscryptoetc.com,PID
sj.longyantl.com,PID
splitmetrics-reviews.com,PID
au-netpeak-pro.com,PID
brainlabs-analytics.com,PID
brainlabs-revue.com,PID
can-lyteyear.com,PID
codingit-app.com,PID
concretio-senna.com,PID
cre8tech-analyse.com,PID
cre8tech-grow.com,PID
cre8tech-ranks.com,PID
cre8tech-scale.com,PID
efficient-softs.com,PID
fruugo-senna.com,PID
instrument-analysis.com,PID
labelium-boots.com,PID
lemonade-alex.com,PID
lemonade-amy.com,PID
novatisesgp-anita.com,PID
novatisesgp-anne.com,PID
quarks-works.com,PID
softacom-works.com,PID
tbwa-assign.com,PID
tinuiti-softs.com,PID
weaveasia-senna.com,PID
www.mercatox-q.com,PID
jszkcuguncrw.info,PID
oadoaqadgdft.site,PID
wanrflitrnvn.asia,PID
app.qianqian-c25.xyz,PID
brainlabs-official.com,PID
carousell.cellarin.shop,PID
creativeformore-software-workplatforms.com,PID
glittersiso.com,PID
teleconceale.com,PID
wesdxc2.com,PID
mdt.glt-tpog2599.online,PID
ppt.glw-wpex3566x.online,PID
hk.dbs.tivgeux.cn,PID
carousell.jpweb.shop,PID
lazadastorein.com,PID
okszki.com,PID
neo6354.com,PID
ifsyon.com,PID
mdt.glt-tpog6899.online,PID
lumiew.com,PID
hifriu.com,PID
mdt.glt-tpog3699.online,PID
laspalmasnow99012.in,PID
dhbtlbpkmu.top,PID
carousell.purchasell.shop,PID
eamart-online.xyz,PID
futultd.top,PID
h5.weshop959.com,PID
mok.ffy-hhww58y.xyz,PID
seatop.work,PID
traderasys.com,PID
upwave-reports.com,PID
user.thegradiantgroup.online,PID
web-jpm.com,PID
32fdghhoo11.com,PID
33fdghhoo11.com,PID
34fdghhoo11.com,PID
36fdghhoo11.com,PID
37fdghhoo11.com,PID
38fdghhoo11.com,PID
39fdghhoo11.com,PID
42fdghhoo11.com,PID
46fdghhoo11.com,PID
47fdghhoo11.com,PID
48fdghhoo11.com,PID
49fdghhoo11.com,PID
50fdghhoo11.com,PID
esignature.bio,PID
fyk-bbqt6699.shop,PID
fyk-bbqt9631.shop,PID
fyk-bbqt9631.xyz,PID
genixshop.ink,PID
glt-tpog3699.xyz,PID
linkt-peoytoill.com,PID
r-mall.pics,PID
rkt-store.homes,PID
singaporepost.art,PID
onemotoring.lta.govav.top,PID
onemotoring.lta.govet.top,PID
appodealstack-softs.com,PID
carousell.larray.shop,PID
clickbank-ranks.com,PID
www.cre8tech-elevate.com,PID
www.tripadvisor-softs.com,PID
acetrc.vip,PID
hpo.fyk-bbqt6699.online,PID
lazada-1000.com,PID
super-666.com,PID
yxr4xz.nu83a.com,PID
9100ydnt.blackstovip.top,PID
r-centralmall.bio,PID
trx8423.com,PID
dbs-bank65.world,PID
dbsbank-65.click,PID
ebay.aws321.top,PID
starhub-65yeswepostsinposgstoping.com,PID
onemotoring.lta.gov.sg,r0008
onemotoring.com,r0008
www.onemotoring.com,r0008
www.onemotoring.lta.gov.sg,r0008
www.onemotoring.com.sg,r0008
ncspteonemotoring.112.2o7.net,r0008
onemotoring-sg.top,r0008
onemotoring.com.sg,r0008
onemotoring.sg,r0008
onemotoring.sg.domreaper.com,r0008
onemotoring.gov.sg,r0008
onemotoring.lta.govav.top,r0008
www.onemotoring.gov.sg,r0008
www.onemotoring.sg,r0008
www.lazada100.com,r0010
lazadasm.atlassian.net,r0010
edenplazadanang.com,r0010
lazada360.sg,r0010
lazadacx.qualtrics.com,r0010
lazadaph.api.useinsider.com,r0010
lazadathy.com,r0010
9888971.lazada88.com,r0010
metroplazadavao.com,r0010
www.edenplazadanang.com,r0010
bigbag-web.com,r0005
site-sg.com,r0005
vpn-sg-sg.haimer.com,r0005
the-cosmic-web.com,r0005
izy-web.com,r0005
hhshealthit-gov.com,r0005
aroma-web.com,r0005
wav-com.com,r0005
melissa-web.com,r0005
ggb-web.com,r0005
www.hhshealthit-gov.com,r0005
ateliers-web.com,r0005
ib-digital-onlinne-web.com,r0005
www.gl-com.com,r0005
www.nisso-web.com,r0005
aim-sg.com,r0005
remember-web.com,r0005
weeki-web.com,r0005
www.bb-lab-sg.com,r0005
www.pvd-sg.com,r0005
www.umt-sg.com,r0005
roder-sg.com,r0005
livre-web.com,r0005
telegram-web.com,r0005
www.yellow-web.com,r0005
www.ascendfitness-sg.com,r0005
www.mynikevisit-sg.com,r0005
mail.globalsystem-sg.com,r0005
lentorhillsresidences-guocoland-sg.com,r0005
cpg.pm-com.com,r0005
www.propaganda-web.com,r0005
promo-web.com,r0005
www-starliving-com-sg.cdn.ampproject.org,r0005
unitedconstruction-sg.com,r0005
www.hand-sg.com,r0005
www.paint-sg.com,r0005
pinetreehill-official-sg.com,r0005
kaplan-sg.com.cn,r0005
birkenstock-sg.com,r0005
www.bodik-sg.com,r0005
erp.contin-web.com,r0005
www.rfelectronics-sg.com,r0005
iconbyhairvisual-sg.com,r0005
www.eurotours-sg.com,r0005
wattenestateresidence-sg.com,r0005
www.auditexpress-sg.com,r0005
dsm-densay-sg.com,r0005
www.whatsapp-web.com,r0005
flexiteam-sg.com,r0005
choicefurniture-com-sg.cdn.ampproject.org,r0005
www.face-sg.com,r0005
thefamilywellnessclinic-sg.com,r0005
www.equation-sg.com,r0005
ww12.whatsapp-web.com,r0005
panw-ciam.okta-gov.com,r0005
leedon-green-mcl-sg.com,r0005
icya-sg.com,r0005
onalytica-web.com,r0005
zarch-sg.com,r0005
confetti-web.com,r0005
slack-gov.com,r0005
blog.musee-sg.com,r0005
www-wellcollective-com-sg.filesusr.com,r0005
www.bfg-sg.com,r0005
www.johnnys-web.com,r0005
www.bagus-web.com,r0005
www.lumine-sg.com,r0005
www.donkiz-sg.com,r0005
www.hhexpress-sg.com,r0005
archive-sg.com,r0005
wwwworld-wide-web.com,r0005
www.wwwworld-wide-web.com,r0005
probono-web.com,r0005
www.valence-web.com,r0005
hawkins-web.com,r0005
www.gvcredit-sg.com,r0005
onepearlbank.site-sg.com,r0005
midtown-modern.site-sg.com,r0005
leedongreen.site-sg.com,r0005
dbs-sg.com,r0005
integral-sg-p2.allegro-my-sg.com,r0005
gong-cha-sg.com,r0005
www.echo-web.com,r0005
www.westmarine-sg.com,r0005
www-gattopardo-com-sg.filesusr.com,r0005
www.leeseunggi-sg.com,r0005
www.hawkins-web.com,r0005
www.chengqi-sg.com,r0005
afiliados-na-web.com,r0005
domo-com.com,r0005
www-maddspace-com-sg.filesusr.com,r0005
www.pcinfo-web.com,r0005
www.bluesky-web.com,r0005
way-web.com,r0005
bmwmini-sg.com,r0005
www.foodprints-sg.com,r0005
pk-sg.com,r0005
crto-gov.com,r0005
the-landmark.site-sg.com,r0005
pinto-md.spain-web.com,r0005
barbadas-ga.spain-web.com,r0005
vilanova-i-la-geltru-ct.spain-web.com,r0005
santa-cruz-de-tenerife-cn.spain-web.com,r0005
san-sebastian-de-los-reyes-md.spain-web.com,r0005
tarragona-ct.spain-web.com,r0005
las-gabias-an.spain-web.com,r0005
almeria-an.spain-web.com,r0005
reserveresidences-sg.com,r0005
www.discovering-sg.com,r0005
epe-sg.com,r0005
cmpv2.spurs-web.com,r0005
www-joyouslearning-com-sg.filesusr.com,r0005
onebernam.site-sg.com,r0005
www.the-art-of-web.com,r0005
ww25.407.travel-web.com.tw,r0005
bookmark.dot-sg.com,r0005
kiast-sg.com,r0005
www4b.mk-com.com,r0005
homepage2.mk-com.com,r0005
corp.mk-com.com,r0005
csod-sg.com,r0005
cs.mk-com.com,r0005
prof.mk-com.com,r0005
track-sg.com,r0005
mvn.mk-com.com,r0005
www.mispl-sg.com,r0005
img-stomp-com-sg.cdn.ampproject.org,r0005
bookmarks.mk-com.com,r0005
users.mk-com.com,r0005
www.drx-web.com,r0005
help.mk-com.com,r0005
medi-sg.com,r0005
www.grating-web.com.tw,r0005
ww5.mk-com.com,r0005
myhome.mk-com.com,r0005
regione.mk-com.com,r0005
host.mk-com.com,r0005
maven.mk-com.com,r0005
www5c.mk-com.com,r0005
1www.mk-com.com,r0005
mail.mk-com.com,r0005
user.mk-com.com,r0005
pup.mk-com.com,r0005
com.mk-com.com,r0005
um.mk-com.com,r0005
k5.mk-com.com,r0005
kk.mk-com.com,r0005
bblog.bagus-web.com,r0005
www.sadie-web.com,r0005
ipo-sg.com,r0005
handymanservice-sg.com,r0005
www.cocom-sg.com,r0005
autoparts.pk-sg.com,r0005
movie.gas-web.com,r0005
the-reserve-residences-official-sg.com,r0005
www.shelton-sg.com,r0005
bb-lab-sg.com,r0005
www.sbm-sg.com,r0005
luv-sg.com,r0005
ascendasone-sg.company.site,r0005
www.gifted-sg.com,r0005
leeseunggi-sg.com,r0005
installation.rakuya-com.com,r0005
s.confetti-web.com,r0005
realestate-sg.com,r0005
protect-sg.com,r0005
www.salsacubana-sg.com,r0005
ru.diplomik-web.com,r0005
cendori2.lupe-web.com,r0005
www.fmc-sg.com,r0005
karuizawa-web.com,r0005
k2j-web.com,r0005
www.ebos-sg.com,r0005
linx-sg.com,r0005
www.ifa-sg.com,r0005
www.upsell-sg.com,r0005
pussy888-sg.com,r0005
arrow-sg.com,r0005
the-botany.site-sg.com,r0005
wpad.realtek-sg.com,r0005
www.clintonearenda-generatorov-com.com,r0005
www.psych-web.com,r0005
callaghan-com.com,r0005
spyder-web.com,r0005
caf-sg.com,r0005
www-rappu-com-sg.filesusr.com,r0005
www-obrointl-com-sg.filesusr.com,r0005
titan-sg.com,r0005
the-atelier.site-sg.com,r0005
www.nailhaven-sg.com,r0005
www-supplyanddemand-com-sg.filesusr.com,r0005
epark-wp-cdn.gs8-web.com,r0005
ffl-sg.com,r0005
ww7.whatsapp-web.com,r0005
www.thehappyplace-sg.com,r0005
curtin-sg.com,r0005
www.l-com.com,r0005
www.hoopfitness-sg.com,r0005
www.ltc-sg.com,r0005
www.nics-sg.com,r0005
www.gyro-web.com,r0005
hostmaster.mk-com.com,r0005
provincia.mk-com.com,r0005
www.flexifusion-sg.com,r0005
www.nexg-sg.com,r0005
ksuites-sg.com,r0005
www.setup-web.com,r0005
www.reebok-sg.com,r0005
www.jiluka-web.com,r0005
www.dpastry-sg.com,r0005
www.benduo-web.com,r0005
christensen9136gb.envision-web.com,r0005
xn--um-72td.rakuya-com.com,r0005
www.wholesomeliving-sg.com,r0005
server.faithful-sg.com,r0005
www.odysseyrf-sg.com,r0005
www.upe-sg.com,r0005
auditexpress-sg.com,r0005
integral-my.allegro-my-sg.com,r0005
webmail.mad-sg.com,r0005
equation-sg.com,r0005
ace-sg.com,r0005
ww12.unitedconstruction-sg.com,r0005
soma-gov.com,r0005
wiki.pcinfo-web.com,r0005
a01.psych-web.com,r0005
pullmanresidences.site-sg.com,r0005
hyll-on-holland.site-sg.com,r0005
sight-web.com,r0005
www.myfaceworkshop-sg.com,r0005
alturaec-sg.com,r0005
onoken-web.com,r0005
scpi-test-sq-com-sg.it-cpi004-rt.cfapps.ap11.hana.ondemand.com,r0005
www.conp-sg.com,r0005
kkgems-sg.com,r0005
www-deli2go-com-sg.filesusr.com,r0005
www.confetti-web.com,r0005
prop.spurs-web.com,r0005
hp-dev-web.com,r0005
samecity.ez-life-sg.com,r0005
file.bagus-web.com,r0005
tvguru-sg.com,r0005
lp.musee-sg.com,r0005
homeappliances-sg.com,r0005
ebf-sg.com,r0005
tembusugrand-condo-sg.com,r0005
zakka-web.com,r0005
www.petiteboutique-sg.com,r0005
www.tmac-sg.com,r0005
www.gcc2023-sg.com,r0005
vipbuy-sg.com,r0005
ctia-sg.com,r0005
www.aes-sg.com,r0005
www.devenir-entrepreneur-web.com,r0005
www.testtakers-sg.com,r0005
beni-sg.com,r0005
lumine-sg.com,r0005
era-tech-sg.com,r0005
www1.ayalaland-sg.com,r0005
dja-sg.com,r0005
aff.novice-web.com,r0005
www.spl-sg.com,r0005
www-doorlab-com-sg.filesusr.com,r0005
www-harrys-com-sg.filesusr.com,r0005
www.galerie-com.com,r0005
www.sicog-sg.com,r0005
www.kkgems-sg.com,r0005
garden-events-sg.com,r0005
oompf-com-sg.webpkgcache.com,r0005
mail.mall-sg.com,r0005
share.kinto-sg.com,r0005
www.seeker-web.com,r0005
idt-sg.com,r0005
www.teka-sg.com,r0005
groceries-umamill-sg.com,r0005
aurawhite-sg.com,r0005
www.curtin-sg.com,r0005
www.easb-sg.com,r0005
electriccars-sg.com,r0005
www.alphasys-web.com,r0005
www.dancetheatrearts-sg.com,r0005
ascendfitness-sg.com,r0005
www.plush-sg.com,r0005
www.kinosaki-web.com,r0005
www-souprestaurant-com-sg.filesusr.com,r0005
zytokine-web.com,r0005
www.aws-sg.com,r0005
www.emperor-sg.com,r0005
mdis-sg.com.cn,r0005
stagingblossomvicker.ondot-sg.com,r0005
jden-residences-sg.com,r0005
www.kaplan-sg.com.cn,r0005
www.sallysroom-sg.com,r0005
407.travel-web.com.tw,r0005
threes-sg.com,r0005
devenir-entrepreneur-web.com,r0005
fd.ls-gov.com,r0005
ehime-web.com,r0005
beautyfulminds-com-sg-api-project-259306460458.firebaseio.com,r0005
www-premiereco-com-sg.webpkgcache.com,r0005
seeker-web.com,r0005
borussia-academy-sg.com,r0005
www.k-link-sg.com,r0005
grand-dunman-sg.com,r0005
www.wm-sg.com,r0005
www.balcony-sg.com,r0005
www.tiger-sg.com,r0005
www.y-com.com.cn,r0005
directory-sg.com,r0005
dev-enfagrow-com-sg.mjngwt.com,r0005
my-prd.allegro-my-sg.com,r0005
webmail.landscape-sg.com,r0005
www.mdis-sg.com.cn,r0005
tiger-sg.com,r0005
www.hairsalon-web.com,r0005
hiranoya-web.com,r0005
www.amagasaki-web.com,r0005
sanno-web.com,r0005
sim-sg.com.cn,r0005
psb-sg.com,r0005
www.gas-web.com,r0005
img.rebecca-web.com,r0005
www-activesgcircle-gov-sg.sandbox.hs-sites.com,r0005
jaqyyj-gov.com,r0005
www.kanves-sg.com,r0005
win-com.com,r0005
www.mag-web.com,r0005
www.he-web.com,r0005
www.deschamps-web.com,r0005
dengue-clusters-sg.com,r0005
zaragoza-ar.spain-web.com,r0005
noise1.emetrology-sg.com,r0005
www.imaizumi-web.com,r0005
www.yado-web.com,r0005
semba1008-sg.com,r0005
www.trust-web.com,r0005
www-houze-com-sg%2fpages%2fonline--shopping--the--houze--way.cdn.ampproject.org,r0005
erp.mi-sg.com,r0005
www.tadashi-web.com,r0005
esvc000614.wic059u.server-web.com,r0005
www.zarabi-sg.com,r0005
relx-sg.com,r0005
www.icya-sg.com,r0005
viciouscycles-sg.com,r0005
www.thestudio-sg.com,r0005
www.borussia-academy-sg.com,r0005
www.ace-sg.com,r0005
mail.whf-sg.com,r0005
www.j-asia-sg.com,r0005
shc-sg.com,r0005
www.pinc-web.com,r0005
www.akgi-sg.com,r0005
geofind-sg.com,r0005
static.rave-web.com,r0005
anzu-meat-factory-sg.com,r0005
www.littlewarriors-sg.com,r0005
check.bel-web.com,r0005
www.best--web.com,r0005
singpass.ndi-sg.com,r0005
cpanel.mad-sg.com,r0005
www.furniture-sg.com,r0005
www.makingsense-sg.com,r0005
www.house-sg.com,r0005
www-houze-com-sg.cdn.ampproject.org,r0005
seo-web.com.pl,r0005
volare-sg.com,r0005
www.purewellness-sg.com,r0005
search.homepage-web.com,r0005
store.ssl-sg.com,r0005
medley-web.com,r0005
xn--dtatogelpusat-web.com,r0005
shop.transcity-sg.com,r0005
babyexpress-sg.com,r0005
www.knibbles-sg.com,r0005
www.spytech-web.com,r0005
www.jug-sg.com,r0005
www.kent-web.com,r0005
mail.fim-sg.com,r0005
romero-web.com,r0005
ship-govsg.slack.com,r0005
www.camemb-sg.com,r0005
gearup-sg.com,r0005
www-businesstimes-com-sg.cdn.ampproject.org,r0005
hirocon-net-sg.com,r0005
www.aeiresources-sg.com,r0005
mit-sg.com,r0005
www.ocd-sg.com,r0005
cdn.mashup-web.com,r0005
kyokushinkarate-sg.com,r0005
www.nutek-sg.com,r0005
www.iy-web.com,r0005
www.flexa-sg.com,r0005
www.maxoutfitness-sg.com,r0005
www.civicfd-sg.com,r0005
www.benz-web.com,r0005
click.e.loreal-sg.com,r0005
homepage-web.com,r0005
www.bwt-sg.com,r0005
tosca-web.com,r0005
bmw-sg.com,r0005
reve-sg.com,r0005
penis-enlargement-pills-sg.com,r0005
cdn.siemens-web.com,r0005
houze-com-sg.cdn.ampproject.org,r0005
calendar.iplanner-web.com,r0005
www.volare-sg.com,r0005
www.aria-sg.com,r0005
www.angers-web.com,r0005
www.fiori-sg.com,r0005
vents-sg.com,r0005
jug-sg.com,r0005
obba-sg.com,r0005
www.clients-web.com,r0005
www.relx-sg.com,r0005
www.spurs-web.com,r0005
www.bestar-sg.com,r0005
ntm.netmera-web.com,r0005
gcc2023-sg.com,r0005
www.hcfa-sg.com,r0005
www.braseiro-sg.com,r0005
insurediy-com-sg.webpkgcache.com,r0005
cdn.netmera-web.com,r0005
www.akiba-web.com,r0005
www.onmi-sg.com,r0005
cloud.e.loreal-sg.com,r0005
one.kinto-sg.com,r0005
singpost.track-sg.com,r0005
cgi.e-plan-web.com,r0005
hv-camera-web-sg.s3-ap-southeast-1.amazonaws.com,r0005
www.babyexpress-sg.com,r0005
www.gcshop-sg.com,r0005
www-wtstravel-com-sg.webpkgcache.com,r0005
blockads-web.com,r0005
www.bmw-sg.com,r0005
www.garden-events-sg.com,r0005
www.aube-sg.com,r0005
www.drawpaint-sg.com,r0005
www.zarch-sg.com,r0005
aube-sg.com,r0005
webcommerce.shop,YD
arouth.com,YD
rzfah.shop,YD
twerwew.org,YD
thycantyoubelike.com,YD
62994.vip,YD
maeslist.com,YD
excellent-vids.online,YD
x66saoma.store,YD
tamilgun.tel,YD
priceglobal.online,YD
austow.com,YD
gitmekal.online,YD
larmslaw.com,YD
by01.shop,YD
4cd.org,YD
59334.vip,YD
rdcps.com,YD
kissloveme.store,YD
somethinglike.store,YD
nevclk.com,YD
sbkuuzozlm.com,YD
8mav1070.com,YD
kingofman.online,YD
zomyterseq12.com,YD
65975.vip,YD
59339.vip,YD
91porn64.xyz,YD
by02.shop,YD
sghumsup-2.com,YD
swansonsautomotive.com,YD
bigiamchallenge.com,YD
patatesezam.online,YD
terslove.com,YD
beatyfullady.store,YD
77110b.com,YD
yp8905.com,YD
3dhotparty.com,YD
whaujimisurvey.top,YD
mndyk.com,YD
huwde.com,YD
qjfzi.com,YD
xxxvideoclickxxx.site,YD
gtnei.com,YD
kaimbaconsulting.com,YD
prediksijebol.com,YD
ghostsnipe.com,YD
md779.xyz,YD
attorneyyetnikoff.com,YD
59330.vip,YD
mysunshine.site,YD
8mav1053.com,YD
sexting-messaging.com,YD
love-messaging.com,YD
imstennis.com,YD
gommv8.com,YD
quwao.com,YD
lovemylife.store,YD
dnvhu.com,YD
vfrtgb1.com,YD
zinahadid.art,YD
gehoochosurvey.top,YD
dugebitv26.xyz,YD
izlebizdesizde.online,YD
zipyux.com,YD
sgdevilangles.org,YD
teleb66.com,YD
shopmoney.online,YD
babygirlxxx88.site,YD
onlyreveals.com,YD
singaporetenniscoach.com,YD
girlshowxx88.homes,YD
fastpass.site,YD
wordlikell.store,YD
lapgan.org,YD
321.rip,YD
cydoz.com,YD
husseyshuddle.xyz,YD
videonn.online,YD
celeb-reality-news.com,YD
chachatv25.pro,YD
satollo13.com,YD
o4vag.com,YD
organizebyvoice.com,YD
huiqx.com,YD
v88av221.xyz,YD
tryme.expert,YD
virtualchurchcamp.com,YD
9unuim.com,YD
sussanabe.online,YD
adblock-zen-download.com,YD
77110a.com,YD
xhww.fun,YD
ozike.com,YD
kakek5000.com,YD
smhai.com,YD
dgfghgjjbanhbiet.cfd,YD
glw-wpex8899.online,YD
lamoq.com,YD
youjak.com,YD
kelisblog.com,YD
faith-ring.com,YD
cialisworld.org,YD
nude18teens.top,YD
beardols.com,YD
viagraresmisatisi.com,YD
69xx1481.xyz,YD
meltaigh.net,YD
avaiai230.xyz,YD
x99a1625.xyz,YD
aceleradiamante.com,YD
aixiashu.xyz,YD
hpnbvfiixnen.com,YD
jmorweefodct.com,YD
dex222.top,YD
avaiai229.xyz,YD
mwcyh.com,YD
ibandswap.com,YD
nevbbl.com,YD
grams-cbd.com,YD
wishbone-works.com,YD
mmcpawe.com,YD
liveatcityheights.com,YD
filmy-hit.group,YD
x99a1622.xyz,YD
waacademy.link,YD
mia-magik.com,YD
dorichon.com,YD
commanderr.online,YD
dheogsssddg.buzz,YD
illinoiscannabispatients.org,YD
fourmanelads.com,YD
girlssexy89.store,YD
ss768.xyz,YD
zymft.com,YD
ss775.xyz,YD
moviehotcry.beauty,YD
58897.vip,YD
mpertus.com,YD
noproblemss.online,YD
tekrarbekleriz.online,YD
pharnekagency.com,YD
transitaria.agency,YD
tqynj.com,YD
yaplink.com,YD
bizideizlerlermi.online,YD
doubletickventures.com,YD
aicreativeremakes.com,YD
omegxx.online,YD
91porn72.xyz,YD
liammarket.com,YD
tvzota56.com,YD
91porn75.xyz,YD
rncfjqhaxd.com,YD
seniorliving-sg.com,YD
cikoarnoldnainggolan.com,YD
vrtgw.com,YD
electriccars-sg.com,YD
ndxlw.com,YD
xenoclothing.com,YD
gitmeknki.online,YD
aiqxh.com,YD
danandtravis.com,YD
ifun360tv.com,YD
impact-kx.com,YD
yhdhz.xyz,YD
spore-share.com,YD
askmeedu.com,YD
nuflc.com,YD
btszr.com,YD
perdizvilla.com,YD
thxshop.online,YD
stupradrd.com,YD
1xmailihbog.top,YD
bexaq.com,YD
eimdx.com,YD
leaugess.online,YD
keralayellowpagesonline.com,YD
prodigy1nation.com,YD
killmied.store,YD
misterbazar.com,YD
lightsnest.com,YD
prettysxbabigirl99.site,YD
jyyucbqsij.com,YD
qilusichu.com,YD
fsklny.com,YD
123movieshd.space,YD
themugmaniac.com,YD
electricbicycle-sg.site,YD
f7555a.com,YD
holjs.com,YD
cderfv1.com,YD
92kum.live,YD
xfjnt.com,YD
dutyabilityneed.com,YD
brilibrain.com,YD
maxforexonline.biz,YD
tickzoo.info,YD
contentforadult.com,YD
thfrbg.com,YD
onlycare.site,YD
upkufrex.com,YD
friyd.com,YD
txzpclx7.com,YD
yahooh.xyz,YD
xvpqmcgf.com,YD
huakoonclub.com,YD
ipfs-gateway.cloud,YD
geobiverse.net,YD
interlinxsolution.com,YD
html2024.com,YD
goldenboyzdispensary.com,YD
ujvhxnom.com,YD
usmtw.com,YD
globalnoker.top,YD
redhdtube.us,YD
globalivyleague.org,YD
blackheadepisode1.com,YD
yelee.fun,YD
t84saoma.store,YD
oreidosinflaveisoficial.site,YD
bozma.net,YD
everythingmy.store,YD
evermoonerc.com,YD
generalmen.online,YD
rbcio.com,YD
girlshowlivex6.store,YD
adblock-stopads.com,YD
together.earth,YD
shopglobaal.online,YD
baanking-diigital-logiin.com,YD
mdwvb.com,YD
6t5e.com,YD
cdszg.com,YD
yukir.online,YD
westsidetour.com,YD
iosvpnnotify.com,YD
protectouroldgrowth.org,YD
raotuufapv.com,YD
vibeventuress.com,YD
sarafriedrichrd.com,YD
hitatravels.com,YD
gifted-sg.com,YD
loveyourtreeday.com,YD
fifarenders.com,YD
vineyardvineus.top,YD
house-54.com,YD
1worldventuresllc.com,YD
freetrx.pro,YD
aewdsds.cfd,YD
healthandfitnessonline24.com,YD
jeffreyriosjr.info,YD
agomall.life,YD
banmw.com,YD
mydearwooj.com,YD
chinaglobal.online,YD
certfirstaidercourse.com,YD
7rmy2.com,YD
glendaneo.com,YD
notificationx.bond,YD
bd3.live,YD
atahphkpndlcdi.com,YD
7xoclx.com,YD
xxxxvideoclickzxxxx.site,YD
clayart-kimlugar.com,YD
linkframer.com,YD
syataku-rakunavi.com,YD
planitbrooke.com,YD
se777.xyz,YD
woaitxt.com,YD
filmyhit.group,YD
oregonwebdeveloper.com,YD
kioyuthggfhtykj.cfd,YD
cherrysunrecords.com,YD
xfszr.com,YD
tofiwithlove.com,YD
v88av220.xyz,YD
whftk.com,YD
gyujhkhjghtrygghg.cfd,YD
jennyim.online,YD
d4race.com,YD
sharetowin.xyz,YD
konvekta.info,YD
2-rabbits.com,YD
bizedevideo.online,YD
viralnews7.shop,YD
13680.net,YD
jonsguide.org,YD
8mav1045.com,YD
9dhkg.shop,YD
tw39x.shop,YD
aotwrv.com,YD
reka-plus.com,YD
acizlevideo.online,YD
berbi.online,YD
tablets-sg.site,YD
creativeformore-software-platform.com,YD
kubunaja.com,YD
blwokfcs.com,YD
8mav1089.com,YD
thetrendythings.com,YD
flexi-singapore.com,YD
8mav1064.com,YD
mountain-territory.com,YD
unlimitedsm.com,YD
vb2bstaffing.online,YD
0l1jef1.com,YD
poekd.com,YD
enbclpbyi.com,YD
8mav1058.com,YD
babadanogulanesil.online,YD
tinderdating.life,YD
moneymanx.online,YD
herseyezamm.online,YD
dwlpz.com,YD
jaceyrasdon.com,YD
shopstellamoon.com,YD
sengelmesennpcz.online,YD
gamewarr.online,YD
hananoikun-pr.com,YD
giaitriviet.site,YD
admin-hd.pro,YD
dydayshdyst.com,YD
freeanimalporn.xyz,YD
lcept.com,YD
qlbsh.com,YD
archival2023.com,YD
researchchemicalhub.com,YD
baoyefk.com,YD
dikben.online,YD
8mav1054.com,YD
avaiai228.xyz,YD
whgn.org,YD
fc0a.com,YD
awdik.com,YD
sgnewlaunch.site,YD
91porn68.xyz,YD
changhongdaikuan.com,YD
gleetchisurvey.top,YD
wathsabpcn.xyz,YD
wildaerneas.com,YD
thepriscillay.com,YD
aise114.xyz,YD
g4kh.xyz,YD
fardk.com,YD
miamicopilot.com,YD
tiktokshop1stand.com,YD
cinetecheofficinecinema.online,YD
cgrfs.com,YD
tiktokshop-18.com,YD
yoruldukbe.online,YD
bugbulbzapper.net,YD
jvjxkcsiktxgigo.com,YD
nafjs.com,YD
thebignewsletter.com,YD
zpmailer.com,YD
bathing-suits-sg.com,YD
grange1866residence.com,YD
beatyfulgirl16.online,YD
weedneed.org,YD
nakedsweeties.top,YD
cbdwellnesssource.com,YD
cypbx.com,YD
jpg.pet,YD
giocoin.com,YD
camotruoibvvnghn.cfd,YD
vacationrentals-gulfshores.com,YD
cannabis-legalization.com,YD
sigarayazam.online,YD
p1r33.shop,YD
cbdoilfast.com,YD
md775.xyz,YD
bladerdak.com,YD
menscalmp.com,YD
md771.xyz,YD
getpawson.com,YD
04vbg.net,YD
cheminstore.com,YD
financialparenting.asia,YD
dentureimplants.xyz,YD
deterjanazam.online,YD
holni.com,YD
trubitex.com,YD
a-batteries.com,YD
stbeh.com,YD
lojaprofissional.com,YD
yesdavo.top,YD
beatyfulsexygirl.store,YD
v11av249.xyz,YD
wk112233.xyz,YD
yutaoge.xyz,YD
huzurbe.online,YD
sjylreksuboocld.com,YD
louvi.shop,YD
expectaculos.org,YD
shop-cece.com,YD
pushpoppro.com,YD
81727a.com,YD
zusb.online,YD
urbangaze.com,YD
usaalive247.com,YD
dbtadvisoryexperts.com,YD
cashtor.org,YD
nonaka-p.com,YD
samuihotels.info,YD
batecssolidaris.cat,YD
sw6losf9s89kledgnmkz.com,YD
gzmxcy.com,YD
azerbaijan-realities.com,YD
med-info-online365x7all.top,YD
rumah-sgp.com,YD
xxxvideoclickzxxxx.site,YD
hotgirl88xx.site,YD
tournamentmango.com,YD
khanhlun34.click,YD
khanhlun33.click,YD
classichow.com,YD
jennyruby.online,YD
townsquarenewyork.com,YD
pulsechain.ink,YD
cnnqjst7.com,YD
acorncryotech.com,YD
musicdowntown.org,YD
81727e.com,YD
vitalmedicare.com,YD
gstxcar.xyz,YD
sigortaa.online,YD
jtradingltd.com,YD
yvjdt.com,YD
warix.online,YD
blurclaim.club,YD
cryptobtc01.com,YD
710012.vip,YD
estirbaba.online,YD
fullvideo.pro,YD
getallt1.com,YD
jcikf.com,YD
piua.shop,YD
8mav1066.com,YD
funbyw.com,YD
artemisriddhitechnology.com,YD
trattoria-alassio.com,YD
copcityvote.com,YD
dwjxs.com,YD
coolblue-mall.com,YD
donkis.online,YD
xxgamee.online,YD
cubingcontent.com,YD
greedyfines.org,YD
fvpbl.com,YD
vavadasvi.com,YD
greengloballogistics.com,YD
bokys.com,YD
wqdbi.com,YD
sumcr.com,YD
avlulu1043.xyz,YD
lpsjh.com,YD
zamlaradurde.online,YD
syfsoft.site,YD
girlbabyxx88.site,YD
prghd.com,YD
cckorean.click,YD
chambersgt.com,YD
newfz.com,YD
plwke.com,YD
sawkasetworld.net,YD
finlk.com,YD
91porn71.xyz,YD
intentionalyou.blog,YD
cg9609.com,YD
ys519.xyz,YD
yakaqna.com,YD
watashinoblog.com,YD
rubyhexx.com,YD
rmnas.com,YD
jmf7.online,YD
sdxjxcl.com,YD
91porn78.xyz,YD
qbzsj.com,YD
izlesonkez.online,YD
hotttopicthot.com,YD
century21royaltors.com,YD
mangahere.live,YD
bourbonscothbeer.com,YD
15pwmr0vum9oi.top,YD
lovelymassage.net,YD
sziqi.net,YD
topsolutionastrology.com,YD
berettagunsforsale.com,YD
qfwec.com,YD
hqjwx.com,YD
telegram-net.org,YD
sgrao.com,YD
obey50.com,YD
87603.top,YD
benchmarklcd.com,YD
vldl.live,YD
djdropins.com,YD
nikug.com,YD
bestdatemoves.com,YD
8mav1051.com,YD
wxgkb.com,YD
cetuz.com,YD
itrwf.com,YD
best33621.com,YD
avlulu1048.xyz,YD
91porn67.xyz,YD
financialaidstrategist.com,YD
hzwxr.com,YD
87f4.com,YD
apmtvideonews.com,YD
mahatmagandhiinstitute.com,YD
jmwgy.com,YD
zpyhf.com,YD
turnitin.ink,YD
thriveasg.com,YD
cocostates.top,YD
hcistheatrebooking.com,YD
91porn66.xyz,YD
migraine-treatment2.fun,YD
cpleft.com,YD
larkben.online,YD
biseneksiktin.online,YD
md758.xyz,YD
p0r95.shop,YD
soganazam.online,YD
concepts-law.com,YD
gnfty.com,YD
uwcdn.com,YD
isaacsthreads.com,YD
jiangnan6.net,YD
b96tom.com,YD
htwyl.com,YD
centusd.online,YD
imaginepaulmitchell.com,YD
xxvideoizleyen.online,YD
91porn69.xyz,YD
jzypc.com,YD
yourlittlegirlfriend.com,YD
zyrwk.com,YD
slytr.com,YD
stacking-chairs.shop,YD
femald.com,YD
dayzsm.com,YD
uabluerail.org,YD
linkins.site,YD
kritiarts.org,YD
elanthemark.live,YD
hsxjn.com,YD
facaixh.com,YD
allvisainfo.com,YD
arborbayinvestments.com,YD
takenwrong.com,YD
transserver.net,YD
activefrance.net,YD
ygm461.com,YD
ultravalue.club,YD
radeki.com,YD
doocasino.com,YD
springretreats2023.com,YD
zhuonuojiedai.com,YD
beritanaik.com,YD
loyals.gift,YD
refugee.wiki,YD
radiofmsur.com,YD
lightcheaps.com,YD
wolftoken.vip,YD
hxslt.com,YD
wkz917.com,YD
198558.com,YD
aacc678.com,YD
yp77735.com,YD
v6v520.xyz,YD
weatherwisea.com,YD
geekbombast.com,YD
loginionz.icu,YD
badjk.com,YD
dubnzvw.com,YD
hnymk.com,YD
rbcnv.com,YD
pinchaonline.top,YD
jklobe.com,YD
insatiable-nipples.website,YD
nsbcr.com,YD
ecrautorestorations.com,YD
officialthemyst.com,YD
nichietsu-jp.com,YD
krav333.xyz,YD
hldjw.com,YD
bd9898.vip,YD
gillpackers.com,YD
yidee.fun,YD
ladyfitnesswomen.com,YD
qbhwn.com,YD
copbh.com,YD
letstravelborneo.com,YD
fujinopromotion.com,YD
faloz.com,YD
8mav1049.com,YD
fjyjbfffggjujujuuy.cfd,YD
eildb.com,YD
skylda.com,YD
md753.xyz,YD
animaliya.com,YD
ymnos.com,YD
bungeijournalism.net,YD
glam-magazine.com,YD
girlsobeautifullove.store,YD
whittakerllc.com,YD
mindlygroup.com,YD
willyfoo.com,YD
afgwr.com,YD
hi10engineeringautomation.com,YD
aise112.xyz,YD
anmoldeal.com,YD
2ires.org,YD
healthytoenail.com,YD
gsrguide.com,YD
39042.club,YD
39058.club,YD
39061.club,YD
39053.club,YD
39052.club,YD
39043.club,YD
39044.club,YD
39051.club,YD
electro-world.store,YD
cilsammwcblcv.com,YD
thedunesclubclassic.com,YD
av411.xyz,YD
jbvget.sbs,YD
39045.club,YD
39047.club,YD
39049.club,YD
39046.club,YD
footystorytime.store,YD
highbunwanderer.com,YD
findtamparealestate.com,YD
hummelshojknitwear.com,YD
autocarinterior.com,YD
noobelectronics.com,YD
fooscan.com,YD
unicornbootstrapping.com,YD
geldikknk.online,YD
windermeretours.com,YD
jaywheeler.store,YD
23est.live,YD
ashee.online,YD
chesscontender.com,YD
barkangelco.com,YD
airtimepublishing.com,YD
hongrealty.biz,YD
puzzlehive-boost.com,YD
operativesoftware.com,YD
laban3816ugmd.site,YD
equinix-idc.com,YD
marty-guitars.com,YD
tukjx.com,YD
clirc.online,YD
retroverze.com,YD
4k22.com,YD
vgcad.com,YD
dg303jp.store,YD
cbvaq.com,YD
moviltuning.net,YD
e-finance24.com,YD
wqmer.com,YD
coinspace.uno,YD
bcforever.xyz,YD
921194.com,YD
qomps.com,YD
opensquirtai.com,YD
youandme100.com,YD
woodysasianfusion.com,YD
frstalents.com,YD
hypnosiseducationcenter.com,YD
unitedfunds.org,YD
59998hh.vip,YD
pj5235.com,YD
gonewworld.net,YD
5bres.top,YD
suomi1948.com,YD
livejuicy.bio,YD
yy123ccck.top,YD
paulbuono.info,YD
gbtlimited.com,YD
wk520520.xyz,YD
bestnudecuties.top,YD
w68d.vip,YD
w68e.vip,YD
w68i.vip,YD
w68o.vip,YD
w68s.vip,YD
u52qygtgcjowkj.xyz,YD
saks-fifthavenue.shop,YD
b5743da22428.org,YD
perfectpairco.shop,YD
clikforfun.live,YD
stax.cafe,YD
isgilanlari.com,YD
createmydreamjob.net,YD
csp23.com,YD
mslovejoyteaches.com,YD
hbwjk.com,YD
a3asheborofit.com,YD
sexpan.online,YD
infinitelogitics.com,YD
tilsimlidukkan.com,YD
glichwave.com,YD
ads-adv.top,YD
minibrandscyprus.com,YD
teachinghighered.com,YD
tyaiworks.com,YD
chelpe.com,YD
capitalcraftcoaching.com,YD
monasticmedia.xyz,YD
cbiptv123.com,YD
monorhinouscassaba.com,YD
fashsportsmagzine.com,YD
stylishspacesus.com,YD
tarsalsarees.com,YD
zgsz8fx.com,YD
midagy.com,YD
azuma-ya-c.com,YD
amrasraleigh.com,YD
czwfg.com,YD
conduongethtyjnmj.cfd,YD
mejora-e-pyme.com,YD
doood.mom,YD
mintjasia.com,YD
bonechic.store,YD
nchdj.com,YD
whoisdaily.com,YD
luoichongmuoi24h.com,YD
hammock-harmony.com,YD
blessedmartinsschools.com,YD
qohkc.com,YD
yifeng13.com,YD
gizcraft.com,YD
fdm536.com,YD
ibeautyclub.com,YD
juicybullet.com,YD
videosforadults.com,YD
golden-cheats.com,YD
ignitewithimpact.com,YD
audiovisualbusinessschool.com,YD
mangatalk.org,YD
acidsneakers.com,YD
mayukiri.com,YD
thoisuvtv24h.net,YD
3dteenincest.com,YD
antalyadgnrentacar.online,YD
gertreinberg.com,YD
awe.fitness,YD
istanalagu.com,YD
znios.com,YD
0924vip.com,YD
redkitman.online,YD
xzokw.com,YD
xedpl.com,YD
freetomohawk.com,YD
gemsif.store,YD
inbrd.com,YD
xmnet.com,YD
manupfoundation.org,YD
izits.com,YD
travelalmond.org,YD
ftjuk.com,YD
zirkove-sayivo.com,YD
anicz.com,YD
rodonet.com,YD
millersights.org,YD
senegalemplois.com,YD
gulbahcesianaokulu.com,YD
theto1078.shop,YD
idbint.com,YD
bymci.com,YD
flyinggoodtime.com,YD
smrnv.com,YD
ethikz.com,YD
durstysts.com,YD
cda-hd.online,YD
umeralt.com,YD
hotcaoaojjdsjcdks.cfd,YD
britannia-bd.com,YD
xbtylc2000.com,YD
researchdonebetter.com,YD
d1sportszone.org,YD
cteki.com,YD
beanpoles.org,YD
alangallyer.com,YD
tw-g.icu,YD
dlyxh.com,YD
10001.life,YD
maxx4.click,YD
thetrunk.shop,YD
nowimmediatelyloan.com,YD
superioressayscholars.com,YD
bestelectricbikesonline.com,YD
przydomowe-oczyszczalnie.com,YD
knmshelving.com,YD
kldfq.com,YD
bro-vpn.com,YD
smcaz.com,YD
celeb-reality-iknow.com,YD
irhqx.com,YD
hln351.com,YD
aiweh.com,YD
cobxl.com,YD
dostk.com,YD
canon-printer-support-numbers.com,YD
xman21.xyz,YD
bharathi.blog,YD
arzhanmarket.com,YD
orlap.com,YD
pandacloak.com,YD
amazonasimages.com,YD
bestlaptopbudget.com,YD
masterani.one,YD
fixfastsingapore.com,YD
hzwxd.com,YD
9lqnpp7.com,YD
p4r46.shop,YD
beastfuckmania.top,YD
kburd.com,YD
crypto-swype.com,YD
animal-xxx.top,YD
x-buddies.com,YD
kaluga.site,YD
veridique.blog,YD
eggmancoin.com,YD
u2u44.shop,YD
libxr.com,YD
ic2.tech,YD
ceync.dev,YD
jx2esoteric.com,YD
p3r11.shop,YD
401kaudits.com,YD
29041.club,YD
aygrp.com,YD
u2u29.shop,YD
joathaji.xyz,YD
clintonfoundationinvestigation.com,YD
survey-marker-hunter.com,YD
xxgame.online,YD
pmseed.com,YD
lbmcg.com,YD
potolochki.com,YD
pubgmesportsregister.com,YD
aise109.xyz,YD
republicofthevoid.com,YD
curvybusiness.com,YD
dpmdoc.com,YD
badweyntimes.net,YD
fifi3.com,YD
neetmanga.com,YD
queenbeedigital.online,YD
dyj7771.com,YD
smartlightingalliance.org,YD
plaguesbrands.space,YD
c55bet.com,YD
cotexads.com,YD
rollaspliff.online,YD
cf-tool.com,YD
zfbsm05.store,YD
timeforsalon.news,YD
dcvgw.com,YD
average-nurse-salary.click,YD
havoc.rip,YD
mywishesvideo.com,YD
fjrcz.com,YD
plaguesbrands.pics,YD
techbump.pro,YD
goalposts.org,YD
u2u71.shop,YD
anppcanug.org,YD
34400.net,YD
mkv2vob.com,YD
nsadance.com,YD
hottok.online,YD
onecrazystamper.com,YD
androidkeeda.com,YD
zazzlebaytobreakers.com,YD
yeardour.net,YD
ouuo.link,YD
ali-ea-foundation.net,YD
53kcu.live,YD
mentorcapitalgroup.com,YD
qyzwa.com,YD
82uph.live,YD
hornystockings.com,YD
23w6.com,YD
jennyjaeminphotos.com,YD
usowk.com,YD
ndwpk.com,YD
manga-nelo.best,YD
myt281.com,YD
loakeoutlet.store,YD
gamblingslots.online,YD
domainofmagica.com,YD
vintageventuresg.com,YD
diabeticure.club,YD
marcjacobsoutletusas.com,YD
ys517.xyz,YD
thelightisgreen.com,YD
daynews10.com,YD
wikinvesting.org,YD
mryob.com,YD
pazarazam.online,YD
vadaselectproducts.com,YD
forestclearings.com,YD
i-rails.com,YD
ausawainsto.com,YD
allmyheartblog.com,YD
stroya281.shop,YD
gofzi.com,YD
cwior.com,YD
fxpbw.com,YD
zz1133.top,YD
thearchmicroblading.com,YD
northskyepods.com,YD
nordstromrack-discount.vip,YD
easyvids.space,YD
hdsapta.com,YD
1o55e7ebnv.top,YD
sdgdfhfhfsdgdsg.cfd,YD
hsbclifesg.com,YD
