,domain,report_source
0,webcommerce.shop,YD
1,arouth.com,YD
2,rzfah.shop,YD
3,twerwew.org,YD
4,thycantyoubelike.com,YD
5,62994.vip,YD
6,maeslist.com,YD
7,excellent-vids.online,YD
8,x66saoma.store,YD
9,tamilgun.tel,YD
10,priceglobal.online,YD
11,austow.com,YD
12,gitmekal.online,YD
13,larmslaw.com,YD
14,by01.shop,YD
15,4cd.org,YD
16,59334.vip,YD
17,rdcps.com,YD
18,kissloveme.store,YD
19,somethinglike.store,YD
20,nevclk.com,YD
21,sbkuuzozlm.com,YD
22,8mav1070.com,YD
23,kingofman.online,YD
24,zomyterseq12.com,YD
25,65975.vip,YD
26,59339.vip,YD
27,91porn64.xyz,YD
28,by02.shop,YD
29,sghumsup-2.com,YD
30,swansonsautomotive.com,YD
31,bigiamchallenge.com,YD
32,patatesezam.online,YD
33,terslove.com,YD
34,beatyfullady.store,YD
35,77110b.com,YD
36,yp8905.com,YD
37,3dhotparty.com,YD
38,whaujimisurvey.top,YD
39,mndyk.com,YD
40,huwde.com,YD
41,qjfzi.com,YD
42,xxxvideoclickxxx.site,YD
43,gtnei.com,YD
44,kaimbaconsulting.com,YD
45,prediksijebol.com,YD
46,ghostsnipe.com,YD
47,md779.xyz,YD
48,attorneyyetnikoff.com,YD
49,59330.vip,YD
50,mysunshine.site,YD
51,8mav1053.com,YD
52,sexting-messaging.com,YD
53,love-messaging.com,YD
54,imstennis.com,YD
55,gommv8.com,YD
56,quwao.com,YD
57,lovemylife.store,YD
58,dnvhu.com,YD
59,vfrtgb1.com,YD
60,zinahadid.art,YD
61,gehoochosurvey.top,YD
62,dugebitv26.xyz,YD
63,izlebizdesizde.online,YD
64,zipyux.com,YD
65,sgdevilangles.org,YD
66,teleb66.com,YD
67,shopmoney.online,YD
68,babygirlxxx88.site,YD
69,onlyreveals.com,YD
70,singaporetenniscoach.com,YD
71,girlshowxx88.homes,YD
72,fastpass.site,YD
73,wordlikell.store,YD
74,lapgan.org,YD
75,321.rip,YD
76,cydoz.com,YD
77,husseyshuddle.xyz,YD
78,videonn.online,YD
79,celeb-reality-news.com,YD
80,chachatv25.pro,YD
81,satollo13.com,YD
82,o4vag.com,YD
83,organizebyvoice.com,YD
84,huiqx.com,YD
85,v88av221.xyz,YD
86,tryme.expert,YD
87,virtualchurchcamp.com,YD
88,9unuim.com,YD
89,sussanabe.online,YD
90,adblock-zen-download.com,YD
91,77110a.com,YD
92,xhww.fun,YD
93,ozike.com,YD
94,kakek5000.com,YD
95,smhai.com,YD
96,dgfghgjjbanhbiet.cfd,YD
97,glw-wpex8899.online,YD
98,lamoq.com,YD
99,youjak.com,YD
100,kelisblog.com,YD
101,faith-ring.com,YD
102,cialisworld.org,YD
103,nude18teens.top,YD
104,beardols.com,YD
105,viagraresmisatisi.com,YD
106,69xx1481.xyz,YD
107,meltaigh.net,YD
108,avaiai230.xyz,YD
109,x99a1625.xyz,YD
110,aceleradiamante.com,YD
111,aixiashu.xyz,YD
112,hpnbvfiixnen.com,YD
113,jmorweefodct.com,YD
114,dex222.top,YD
115,avaiai229.xyz,YD
116,mwcyh.com,YD
117,ibandswap.com,YD
118,nevbbl.com,YD
119,grams-cbd.com,YD
120,wishbone-works.com,YD
121,mmcpawe.com,YD
122,liveatcityheights.com,YD
123,filmy-hit.group,YD
124,x99a1622.xyz,YD
125,waacademy.link,YD
126,mia-magik.com,YD
127,dorichon.com,YD
128,commanderr.online,YD
129,dheogsssddg.buzz,YD
130,illinoiscannabispatients.org,YD
131,fourmanelads.com,YD
132,girlssexy89.store,YD
133,ss768.xyz,YD
134,zymft.com,YD
135,ss775.xyz,YD
136,moviehotcry.beauty,YD
137,58897.vip,YD
138,mpertus.com,YD
139,noproblemss.online,YD
140,tekrarbekleriz.online,YD
141,pharnekagency.com,YD
142,transitaria.agency,YD
143,tqynj.com,YD
144,yaplink.com,YD
145,bizideizlerlermi.online,YD
146,doubletickventures.com,YD
147,aicreativeremakes.com,YD
148,omegxx.online,YD
149,91porn72.xyz,YD
150,liammarket.com,YD
151,tvzota56.com,YD
152,91porn75.xyz,YD
153,rncfjqhaxd.com,YD
154,seniorliving-sg.com,YD
155,cikoarnoldnainggolan.com,YD
156,vrtgw.com,YD
157,electriccars-sg.com,YD
158,ndxlw.com,YD
159,xenoclothing.com,YD
160,gitmeknki.online,YD
161,aiqxh.com,YD
162,danandtravis.com,YD
163,ifun360tv.com,YD
164,impact-kx.com,YD
165,yhdhz.xyz,YD
166,spore-share.com,YD
167,askmeedu.com,YD
168,nuflc.com,YD
169,btszr.com,YD
170,perdizvilla.com,YD
171,thxshop.online,YD
172,stupradrd.com,YD
173,1xmailihbog.top,YD
174,bexaq.com,YD
175,eimdx.com,YD
176,leaugess.online,YD
177,keralayellowpagesonline.com,YD
178,prodigy1nation.com,YD
179,killmied.store,YD
180,misterbazar.com,YD
181,lightsnest.com,YD
182,prettysxbabigirl99.site,YD
183,jyyucbqsij.com,YD
184,qilusichu.com,YD
185,fsklny.com,YD
186,123movieshd.space,YD
187,themugmaniac.com,YD
188,electricbicycle-sg.site,YD
189,f7555a.com,YD
190,holjs.com,YD
191,cderfv1.com,YD
192,92kum.live,YD
193,xfjnt.com,YD
194,dutyabilityneed.com,YD
195,brilibrain.com,YD
196,maxforexonline.biz,YD
197,tickzoo.info,YD
198,contentforadult.com,YD
199,thfrbg.com,YD
200,onlycare.site,YD
201,upkufrex.com,YD
202,friyd.com,YD
203,txzpclx7.com,YD
204,yahooh.xyz,YD
205,xvpqmcgf.com,YD
206,huakoonclub.com,YD
207,ipfs-gateway.cloud,YD
208,geobiverse.net,YD
209,interlinxsolution.com,YD
210,html2024.com,YD
211,goldenboyzdispensary.com,YD
212,ujvhxnom.com,YD
213,usmtw.com,YD
214,globalnoker.top,YD
215,redhdtube.us,YD
216,globalivyleague.org,YD
217,blackheadepisode1.com,YD
218,yelee.fun,YD
219,t84saoma.store,YD
220,oreidosinflaveisoficial.site,YD
221,bozma.net,YD
222,everythingmy.store,YD
223,evermoonerc.com,YD
224,generalmen.online,YD
225,rbcio.com,YD
226,girlshowlivex6.store,YD
227,adblock-stopads.com,YD
228,together.earth,YD
229,shopglobaal.online,YD
230,baanking-diigital-logiin.com,YD
231,mdwvb.com,YD
232,6t5e.com,YD
233,cdszg.com,YD
234,yukir.online,YD
235,westsidetour.com,YD
236,iosvpnnotify.com,YD
237,protectouroldgrowth.org,YD
238,raotuufapv.com,YD
239,vibeventuress.com,YD
240,sarafriedrichrd.com,YD
241,hitatravels.com,YD
242,gifted-sg.com,YD
243,loveyourtreeday.com,YD
244,fifarenders.com,YD
245,vineyardvineus.top,YD
246,house-54.com,YD
247,1worldventuresllc.com,YD
248,freetrx.pro,YD
249,aewdsds.cfd,YD
250,healthandfitnessonline24.com,YD
251,jeffreyriosjr.info,YD
252,agomall.life,YD
253,banmw.com,YD
254,mydearwooj.com,YD
255,chinaglobal.online,YD
256,certfirstaidercourse.com,YD
257,7rmy2.com,YD
258,glendaneo.com,YD
259,notificationx.bond,YD
260,bd3.live,YD
261,atahphkpndlcdi.com,YD
262,7xoclx.com,YD
263,xxxxvideoclickzxxxx.site,YD
264,clayart-kimlugar.com,YD
265,linkframer.com,YD
266,syataku-rakunavi.com,YD
267,planitbrooke.com,YD
268,se777.xyz,YD
269,woaitxt.com,YD
270,filmyhit.group,YD
271,oregonwebdeveloper.com,YD
272,kioyuthggfhtykj.cfd,YD
273,cherrysunrecords.com,YD
274,xfszr.com,YD
275,tofiwithlove.com,YD
276,v88av220.xyz,YD
277,whftk.com,YD
278,gyujhkhjghtrygghg.cfd,YD
279,jennyim.online,YD
280,d4race.com,YD
281,sharetowin.xyz,YD
282,konvekta.info,YD
283,2-rabbits.com,YD
284,bizedevideo.online,YD
285,viralnews7.shop,YD
286,13680.net,YD
287,jonsguide.org,YD
288,8mav1045.com,YD
289,9dhkg.shop,YD
290,tw39x.shop,YD
291,aotwrv.com,YD
292,reka-plus.com,YD
293,acizlevideo.online,YD
294,berbi.online,YD
295,tablets-sg.site,YD
296,creativeformore-software-platform.com,YD
297,kubunaja.com,YD
298,blwokfcs.com,YD
299,8mav1089.com,YD
300,thetrendythings.com,YD
301,flexi-singapore.com,YD
302,8mav1064.com,YD
303,mountain-territory.com,YD
304,unlimitedsm.com,YD
305,vb2bstaffing.online,YD
306,0l1jef1.com,YD
307,poekd.com,YD
308,enbclpbyi.com,YD
309,8mav1058.com,YD
310,babadanogulanesil.online,YD
311,tinderdating.life,YD
312,moneymanx.online,YD
313,herseyezamm.online,YD
314,dwlpz.com,YD
315,jaceyrasdon.com,YD
316,shopstellamoon.com,YD
317,sengelmesennpcz.online,YD
318,gamewarr.online,YD
319,hananoikun-pr.com,YD
320,giaitriviet.site,YD
321,admin-hd.pro,YD
322,dydayshdyst.com,YD
323,freeanimalporn.xyz,YD
324,lcept.com,YD
325,qlbsh.com,YD
326,archival2023.com,YD
327,researchchemicalhub.com,YD
328,baoyefk.com,YD
329,dikben.online,YD
330,8mav1054.com,YD
331,avaiai228.xyz,YD
332,whgn.org,YD
333,fc0a.com,YD
334,awdik.com,YD
335,sgnewlaunch.site,YD
336,91porn68.xyz,YD
337,changhongdaikuan.com,YD
338,gleetchisurvey.top,YD
339,wathsabpcn.xyz,YD
340,wildaerneas.com,YD
341,thepriscillay.com,YD
342,aise114.xyz,YD
343,g4kh.xyz,YD
344,fardk.com,YD
345,miamicopilot.com,YD
346,tiktokshop1stand.com,YD
347,cinetecheofficinecinema.online,YD
348,cgrfs.com,YD
349,tiktokshop-18.com,YD
350,yoruldukbe.online,YD
351,bugbulbzapper.net,YD
352,jvjxkcsiktxgigo.com,YD
353,nafjs.com,YD
354,thebignewsletter.com,YD
355,zpmailer.com,YD
356,bathing-suits-sg.com,YD
357,grange1866residence.com,YD
358,beatyfulgirl16.online,YD
359,weedneed.org,YD
360,nakedsweeties.top,YD
361,cbdwellnesssource.com,YD
362,cypbx.com,YD
363,jpg.pet,YD
364,giocoin.com,YD
365,camotruoibvvnghn.cfd,YD
366,vacationrentals-gulfshores.com,YD
367,cannabis-legalization.com,YD
368,sigarayazam.online,YD
369,p1r33.shop,YD
370,cbdoilfast.com,YD
371,md775.xyz,YD
372,bladerdak.com,YD
373,menscalmp.com,YD
374,md771.xyz,YD
375,getpawson.com,YD
376,04vbg.net,YD
377,cheminstore.com,YD
378,financialparenting.asia,YD
379,dentureimplants.xyz,YD
380,deterjanazam.online,YD
381,holni.com,YD
382,trubitex.com,YD
383,a-batteries.com,YD
384,stbeh.com,YD
385,lojaprofissional.com,YD
386,yesdavo.top,YD
387,beatyfulsexygirl.store,YD
388,v11av249.xyz,YD
389,wk112233.xyz,YD
390,yutaoge.xyz,YD
391,huzurbe.online,YD
392,sjylreksuboocld.com,YD
393,louvi.shop,YD
394,expectaculos.org,YD
395,shop-cece.com,YD
396,pushpoppro.com,YD
397,81727a.com,YD
398,zusb.online,YD
399,urbangaze.com,YD
400,usaalive247.com,YD
401,dbtadvisoryexperts.com,YD
402,cashtor.org,YD
403,nonaka-p.com,YD
404,samuihotels.info,YD
405,batecssolidaris.cat,YD
406,sw6losf9s89kledgnmkz.com,YD
407,gzmxcy.com,YD
408,azerbaijan-realities.com,YD
409,med-info-online365x7all.top,YD
410,rumah-sgp.com,YD
411,xxxvideoclickzxxxx.site,YD
412,hotgirl88xx.site,YD
413,tournamentmango.com,YD
414,khanhlun34.click,YD
415,khanhlun33.click,YD
416,classichow.com,YD
417,jennyruby.online,YD
418,townsquarenewyork.com,YD
419,pulsechain.ink,YD
420,cnnqjst7.com,YD
421,acorncryotech.com,YD
422,musicdowntown.org,YD
423,81727e.com,YD
424,vitalmedicare.com,YD
425,gstxcar.xyz,YD
426,sigortaa.online,YD
427,jtradingltd.com,YD
428,yvjdt.com,YD
429,warix.online,YD
430,blurclaim.club,YD
431,cryptobtc01.com,YD
432,710012.vip,YD
433,estirbaba.online,YD
434,fullvideo.pro,YD
435,getallt1.com,YD
436,jcikf.com,YD
437,piua.shop,YD
438,8mav1066.com,YD
439,funbyw.com,YD
440,artemisriddhitechnology.com,YD
441,trattoria-alassio.com,YD
442,copcityvote.com,YD
443,dwjxs.com,YD
444,coolblue-mall.com,YD
445,donkis.online,YD
446,xxgamee.online,YD
447,cubingcontent.com,YD
448,greedyfines.org,YD
449,fvpbl.com,YD
450,vavadasvi.com,YD
451,greengloballogistics.com,YD
452,bokys.com,YD
453,wqdbi.com,YD
454,sumcr.com,YD
455,avlulu1043.xyz,YD
456,lpsjh.com,YD
457,zamlaradurde.online,YD
458,syfsoft.site,YD
459,girlbabyxx88.site,YD
460,prghd.com,YD
461,cckorean.click,YD
462,chambersgt.com,YD
463,newfz.com,YD
464,plwke.com,YD
465,sawkasetworld.net,YD
466,finlk.com,YD
467,91porn71.xyz,YD
468,intentionalyou.blog,YD
469,cg9609.com,YD
470,ys519.xyz,YD
471,yakaqna.com,YD
472,watashinoblog.com,YD
473,rubyhexx.com,YD
474,rmnas.com,YD
475,jmf7.online,YD
476,sdxjxcl.com,YD
477,91porn78.xyz,YD
478,qbzsj.com,YD
479,izlesonkez.online,YD
480,hotttopicthot.com,YD
481,century21royaltors.com,YD
482,mangahere.live,YD
483,bourbonscothbeer.com,YD
484,15pwmr0vum9oi.top,YD
485,lovelymassage.net,YD
486,sziqi.net,YD
487,topsolutionastrology.com,YD
488,berettagunsforsale.com,YD
489,qfwec.com,YD
490,hqjwx.com,YD
491,telegram-net.org,YD
492,sgrao.com,YD
493,obey50.com,YD
494,87603.top,YD
495,benchmarklcd.com,YD
496,vldl.live,YD
497,djdropins.com,YD
498,nikug.com,YD
499,bestdatemoves.com,YD
500,8mav1051.com,YD
501,wxgkb.com,YD
502,cetuz.com,YD
503,itrwf.com,YD
504,best33621.com,YD
505,avlulu1048.xyz,YD
506,91porn67.xyz,YD
507,financialaidstrategist.com,YD
508,hzwxr.com,YD
509,87f4.com,YD
510,apmtvideonews.com,YD
511,mahatmagandhiinstitute.com,YD
512,jmwgy.com,YD
513,zpyhf.com,YD
514,turnitin.ink,YD
515,thriveasg.com,YD
516,cocostates.top,YD
517,hcistheatrebooking.com,YD
518,91porn66.xyz,YD
519,migraine-treatment2.fun,YD
520,cpleft.com,YD
521,larkben.online,YD
522,biseneksiktin.online,YD
523,md758.xyz,YD
524,p0r95.shop,YD
525,soganazam.online,YD
526,concepts-law.com,YD
527,gnfty.com,YD
528,uwcdn.com,YD
529,isaacsthreads.com,YD
530,jiangnan6.net,YD
531,b96tom.com,YD
532,htwyl.com,YD
533,centusd.online,YD
534,imaginepaulmitchell.com,YD
535,xxvideoizleyen.online,YD
536,91porn69.xyz,YD
537,jzypc.com,YD
538,yourlittlegirlfriend.com,YD
539,zyrwk.com,YD
540,slytr.com,YD
541,stacking-chairs.shop,YD
542,femald.com,YD
543,dayzsm.com,YD
544,uabluerail.org,YD
545,linkins.site,YD
546,kritiarts.org,YD
547,elanthemark.live,YD
548,hsxjn.com,YD
549,facaixh.com,YD
550,allvisainfo.com,YD
551,arborbayinvestments.com,YD
552,takenwrong.com,YD
553,transserver.net,YD
554,activefrance.net,YD
555,ygm461.com,YD
556,ultravalue.club,YD
557,radeki.com,YD
558,doocasino.com,YD
559,springretreats2023.com,YD
560,zhuonuojiedai.com,YD
561,beritanaik.com,YD
562,loyals.gift,YD
563,refugee.wiki,YD
564,radiofmsur.com,YD
565,lightcheaps.com,YD
566,wolftoken.vip,YD
567,hxslt.com,YD
568,wkz917.com,YD
569,198558.com,YD
570,aacc678.com,YD
571,yp77735.com,YD
572,v6v520.xyz,YD
573,weatherwisea.com,YD
574,geekbombast.com,YD
575,loginionz.icu,YD
576,badjk.com,YD
577,dubnzvw.com,YD
578,hnymk.com,YD
579,rbcnv.com,YD
580,pinchaonline.top,YD
581,jklobe.com,YD
582,insatiable-nipples.website,YD
583,nsbcr.com,YD
584,ecrautorestorations.com,YD
585,officialthemyst.com,YD
586,nichietsu-jp.com,YD
587,krav333.xyz,YD
588,hldjw.com,YD
589,bd9898.vip,YD
590,gillpackers.com,YD
591,yidee.fun,YD
592,ladyfitnesswomen.com,YD
593,qbhwn.com,YD
594,copbh.com,YD
595,letstravelborneo.com,YD
596,fujinopromotion.com,YD
597,faloz.com,YD
598,8mav1049.com,YD
599,fjyjbfffggjujujuuy.cfd,YD
600,eildb.com,YD
601,skylda.com,YD
602,md753.xyz,YD
603,animaliya.com,YD
604,ymnos.com,YD
605,bungeijournalism.net,YD
606,glam-magazine.com,YD
607,girlsobeautifullove.store,YD
608,whittakerllc.com,YD
609,mindlygroup.com,YD
610,willyfoo.com,YD
611,afgwr.com,YD
612,hi10engineeringautomation.com,YD
613,aise112.xyz,YD
614,anmoldeal.com,YD
615,2ires.org,YD
616,healthytoenail.com,YD
617,gsrguide.com,YD
618,39042.club,YD
619,39058.club,YD
620,39061.club,YD
621,39053.club,YD
622,39052.club,YD
623,39043.club,YD
624,39044.club,YD
625,39051.club,YD
626,electro-world.store,YD
627,cilsammwcblcv.com,YD
628,thedunesclubclassic.com,YD
629,av411.xyz,YD
630,jbvget.sbs,YD
631,39045.club,YD
632,39047.club,YD
633,39049.club,YD
634,39046.club,YD
635,footystorytime.store,YD
636,highbunwanderer.com,YD
637,findtamparealestate.com,YD
638,hummelshojknitwear.com,YD
639,autocarinterior.com,YD
640,noobelectronics.com,YD
641,fooscan.com,YD
642,unicornbootstrapping.com,YD
643,geldikknk.online,YD
644,windermeretours.com,YD
645,jaywheeler.store,YD
646,23est.live,YD
647,ashee.online,YD
648,chesscontender.com,YD
649,barkangelco.com,YD
650,airtimepublishing.com,YD
651,hongrealty.biz,YD
652,puzzlehive-boost.com,YD
653,operativesoftware.com,YD
654,laban3816ugmd.site,YD
655,equinix-idc.com,YD
656,marty-guitars.com,YD
657,tukjx.com,YD
658,clirc.online,YD
659,retroverze.com,YD
660,4k22.com,YD
661,vgcad.com,YD
662,dg303jp.store,YD
663,cbvaq.com,YD
664,moviltuning.net,YD
665,e-finance24.com,YD
666,wqmer.com,YD
667,coinspace.uno,YD
668,bcforever.xyz,YD
669,921194.com,YD
670,qomps.com,YD
671,opensquirtai.com,YD
672,youandme100.com,YD
673,woodysasianfusion.com,YD
674,frstalents.com,YD
675,hypnosiseducationcenter.com,YD
676,unitedfunds.org,YD
677,59998hh.vip,YD
678,pj5235.com,YD
679,gonewworld.net,YD
680,5bres.top,YD
681,suomi1948.com,YD
682,livejuicy.bio,YD
683,yy123ccck.top,YD
684,paulbuono.info,YD
685,gbtlimited.com,YD
686,wk520520.xyz,YD
687,bestnudecuties.top,YD
688,w68d.vip,YD
689,w68e.vip,YD
690,w68i.vip,YD
691,w68o.vip,YD
692,w68s.vip,YD
693,u52qygtgcjowkj.xyz,YD
694,saks-fifthavenue.shop,YD
695,b5743da22428.org,YD
696,perfectpairco.shop,YD
697,clikforfun.live,YD
698,stax.cafe,YD
699,isgilanlari.com,YD
700,createmydreamjob.net,YD
701,csp23.com,YD
702,mslovejoyteaches.com,YD
703,hbwjk.com,YD
704,a3asheborofit.com,YD
705,sexpan.online,YD
706,infinitelogitics.com,YD
707,tilsimlidukkan.com,YD
708,glichwave.com,YD
709,ads-adv.top,YD
710,minibrandscyprus.com,YD
711,teachinghighered.com,YD
712,tyaiworks.com,YD
713,chelpe.com,YD
714,capitalcraftcoaching.com,YD
715,monasticmedia.xyz,YD
716,cbiptv123.com,YD
717,monorhinouscassaba.com,YD
718,fashsportsmagzine.com,YD
719,stylishspacesus.com,YD
720,tarsalsarees.com,YD
721,zgsz8fx.com,YD
722,midagy.com,YD
723,azuma-ya-c.com,YD
724,amrasraleigh.com,YD
725,czwfg.com,YD
726,conduongethtyjnmj.cfd,YD
727,mejora-e-pyme.com,YD
728,doood.mom,YD
729,mintjasia.com,YD
730,bonechic.store,YD
731,nchdj.com,YD
732,whoisdaily.com,YD
733,luoichongmuoi24h.com,YD
734,hammock-harmony.com,YD
735,blessedmartinsschools.com,YD
736,qohkc.com,YD
737,yifeng13.com,YD
738,gizcraft.com,YD
739,fdm536.com,YD
740,ibeautyclub.com,YD
741,juicybullet.com,YD
742,videosforadults.com,YD
743,golden-cheats.com,YD
744,ignitewithimpact.com,YD
745,audiovisualbusinessschool.com,YD
746,mangatalk.org,YD
747,acidsneakers.com,YD
748,mayukiri.com,YD
749,thoisuvtv24h.net,YD
750,3dteenincest.com,YD
751,antalyadgnrentacar.online,YD
752,gertreinberg.com,YD
753,awe.fitness,YD
754,istanalagu.com,YD
755,znios.com,YD
756,0924vip.com,YD
757,redkitman.online,YD
758,xzokw.com,YD
759,xedpl.com,YD
760,freetomohawk.com,YD
761,gemsif.store,YD
762,inbrd.com,YD
763,xmnet.com,YD
764,manupfoundation.org,YD
765,izits.com,YD
766,travelalmond.org,YD
767,ftjuk.com,YD
768,zirkove-sayivo.com,YD
769,anicz.com,YD
770,rodonet.com,YD
771,millersights.org,YD
772,senegalemplois.com,YD
773,gulbahcesianaokulu.com,YD
774,theto1078.shop,YD
775,idbint.com,YD
776,bymci.com,YD
777,flyinggoodtime.com,YD
778,smrnv.com,YD
779,ethikz.com,YD
780,durstysts.com,YD
781,cda-hd.online,YD
782,umeralt.com,YD
783,hotcaoaojjdsjcdks.cfd,YD
784,britannia-bd.com,YD
785,xbtylc2000.com,YD
786,researchdonebetter.com,YD
787,d1sportszone.org,YD
788,cteki.com,YD
789,beanpoles.org,YD
790,alangallyer.com,YD
791,tw-g.icu,YD
792,dlyxh.com,YD
793,10001.life,YD
794,maxx4.click,YD
795,thetrunk.shop,YD
796,nowimmediatelyloan.com,YD
797,superioressayscholars.com,YD
798,bestelectricbikesonline.com,YD
799,przydomowe-oczyszczalnie.com,YD
800,knmshelving.com,YD
801,kldfq.com,YD
802,bro-vpn.com,YD
803,smcaz.com,YD
804,celeb-reality-iknow.com,YD
805,irhqx.com,YD
806,hln351.com,YD
807,aiweh.com,YD
808,cobxl.com,YD
809,dostk.com,YD
810,canon-printer-support-numbers.com,YD
811,xman21.xyz,YD
812,bharathi.blog,YD
813,arzhanmarket.com,YD
814,orlap.com,YD
815,pandacloak.com,YD
816,amazonasimages.com,YD
817,bestlaptopbudget.com,YD
818,masterani.one,YD
819,fixfastsingapore.com,YD
820,hzwxd.com,YD
821,9lqnpp7.com,YD
822,p4r46.shop,YD
823,beastfuckmania.top,YD
824,kburd.com,YD
825,crypto-swype.com,YD
826,animal-xxx.top,YD
827,x-buddies.com,YD
828,kaluga.site,YD
829,veridique.blog,YD
830,eggmancoin.com,YD
831,u2u44.shop,YD
832,libxr.com,YD
833,ic2.tech,YD
834,ceync.dev,YD
835,jx2esoteric.com,YD
836,p3r11.shop,YD
837,401kaudits.com,YD
838,29041.club,YD
839,aygrp.com,YD
840,u2u29.shop,YD
841,joathaji.xyz,YD
842,clintonfoundationinvestigation.com,YD
843,survey-marker-hunter.com,YD
844,xxgame.online,YD
845,pmseed.com,YD
846,lbmcg.com,YD
847,potolochki.com,YD
848,pubgmesportsregister.com,YD
849,aise109.xyz,YD
850,republicofthevoid.com,YD
851,curvybusiness.com,YD
852,dpmdoc.com,YD
853,badweyntimes.net,YD
854,fifi3.com,YD
855,neetmanga.com,YD
856,queenbeedigital.online,YD
857,dyj7771.com,YD
858,smartlightingalliance.org,YD
859,plaguesbrands.space,YD
860,c55bet.com,YD
861,cotexads.com,YD
862,rollaspliff.online,YD
863,cf-tool.com,YD
864,zfbsm05.store,YD
865,timeforsalon.news,YD
866,dcvgw.com,YD
867,average-nurse-salary.click,YD
868,havoc.rip,YD
869,mywishesvideo.com,YD
870,fjrcz.com,YD
871,plaguesbrands.pics,YD
872,techbump.pro,YD
873,goalposts.org,YD
874,u2u71.shop,YD
875,anppcanug.org,YD
876,34400.net,YD
877,mkv2vob.com,YD
878,nsadance.com,YD
879,hottok.online,YD
880,onecrazystamper.com,YD
881,androidkeeda.com,YD
882,zazzlebaytobreakers.com,YD
883,yeardour.net,YD
884,ouuo.link,YD
885,ali-ea-foundation.net,YD
886,53kcu.live,YD
887,mentorcapitalgroup.com,YD
888,qyzwa.com,YD
889,82uph.live,YD
890,hornystockings.com,YD
891,23w6.com,YD
892,jennyjaeminphotos.com,YD
893,usowk.com,YD
894,ndwpk.com,YD
895,manga-nelo.best,YD
896,myt281.com,YD
897,loakeoutlet.store,YD
898,gamblingslots.online,YD
899,domainofmagica.com,YD
900,vintageventuresg.com,YD
901,diabeticure.club,YD
902,marcjacobsoutletusas.com,YD
903,ys517.xyz,YD
904,thelightisgreen.com,YD
905,daynews10.com,YD
906,wikinvesting.org,YD
907,mryob.com,YD
908,pazarazam.online,YD
909,vadaselectproducts.com,YD
910,forestclearings.com,YD
911,i-rails.com,YD
912,ausawainsto.com,YD
913,allmyheartblog.com,YD
914,stroya281.shop,YD
915,gofzi.com,YD
916,cwior.com,YD
917,fxpbw.com,YD
918,zz1133.top,YD
919,thearchmicroblading.com,YD
920,northskyepods.com,YD
921,nordstromrack-discount.vip,YD
922,easyvids.space,YD
923,hdsapta.com,YD
924,1o55e7ebnv.top,YD
925,sdgdfhfhfsdgdsg.cfd,YD
926,hsbclifesg.com,YD
