,domain
0,www.facebook.com
1,wunderfauks-signin.com/#/pages/index/index
2,xxmtkm.info/final-draft-coordinated-public-transportation-plan-released-for-review-comment/?
3,wunderfauks-develop.com/#/pages/start/start
4,e-lazada.com/#/login/index
5,eufmyio.shop/products/05-stories-of-chata-patti-crimson-wedding-22
6,krakenbq.cc/index/user/indexhtml
7,www.forfurniture-downapp.com/
8,www.facebook.com
9,imgg1265t.xyz/mobile/#/assets
10,skyonetrades.com/mobile/en-us/m.html#/myAccount
11,fy31bb2392.shop/mobile
12,chartercom-singapore-project.pages.dev/#/
13,dktunvslkjslgj.com/index/user/login.html
14,p-dro.bio/auth
15,www.mabangerp.plus/#/login
16,dgtsdnvsdhgws.com/index/rot_order/index.html
17,espire-home.com/#/pages/index/index
18,in2ideas-enhance.com/#/
19,shop-e2mallapp.com/to
20,snreviews.com/getorder/evaluation
21,app.qqcjqff1012.xyz/s/qURj
22,app.qqcjqxz1023.xyz/s/mlenderios
23,app-a1.ztajhi.cn/s/mlenderios?key=646S56376F6G465D31376383333M031R333X732C39&c=
24,reschedule-track.com/secureJsp.php?&URI=1a78e09b36dd9349af6a929c067e7a85&sessionid=58a7e760c929a6fa9439dd63b90e87a1&securessl=true
25,www.notchstudio-online.com/#/
26,beepmall.app/#/pages/login/login
27,zappz-program.com/#/
28,www.42matters-app.com/#/pages/userPages/login/login
29,forecepts-project.com/#/pages/start/start
30,www.impact-eu.com/#/index1
31,ksldhglslsdjg.com/index/user/login.html
32,unrivaledinsight.com/web
33,dbshk.cc/speed.html#/
34,www.impact-bv.com/#/index1
35,rs51rma7kwfuchvsl.7ut37gb.buzz/www.dbs.com.hk
